EASINID,Scientific Name,Label,All Names
R00046,Acacia mearnsii,Common Name,Acácia 
R00046,Acacia mearnsii,Common Name,Acácia negra
R00046,Acacia mearnsii,Common Name,Acacia noir
R00046,Acacia mearnsii,Common Name,Acácia-negra
R00046,Acacia mearnsii,Common Name,Aromo
R00046,Acacia mearnsii,Common Name,Aromo negro
R00046,Acacia mearnsii,Common Name,Australian acacia
R00046,Acacia mearnsii,Common Name,Australische akazie
R00046,Acacia mearnsii,Common Name,Black wattle
R00046,Acacia mearnsii,Common Name,Gerber-akazie
R00046,Acacia mearnsii,Common Name,Green wattle
R00046,Acacia mearnsii,Common Name,Grüne Akazie 
R00046,Acacia mearnsii,Common Name,Late black wattle
R00046,Acacia mearnsii,Common Name,Mimosa 
R00046,Acacia mearnsii,Common Name,Mimosa di Mearns
R00046,Acacia mearnsii,Common Name,Mimosa duveteux
R00046,Acacia mearnsii,Common Name,Mimosa negra
R00046,Acacia mearnsii,Common Name,Mimosa vert
R00046,Acacia mearnsii,Common Name,Mimosa vertmosa 
R00046,Acacia mearnsii,Common Name,Mosa
R00046,Acacia mearnsii,Common Name,Schwarze Akazie
R00046,Acacia mearnsii,Common Name,Schwarzholzakazie
R00046,Acacia mearnsii,Common Name,Tan wattle
R00046,Acacia mearnsii,Synonym,Acacia decurrens var. mollis
R00046,Acacia mearnsii,Synonym,Acacia mollissima
R00046,Acacia mearnsii,Synonym,Acacia decurrens var. mollissima
R00046,Acacia mearnsii,Synonym,Racosperma mearnsii
R00053,Acacia saligna,Common Name,Acacia blue
R00053,Acacia saligna,Common Name,Acacia de hoja azul
R00053,Acacia saligna,Common Name,Akazie
R00053,Acacia saligna,Common Name,Blaublättrige
R00053,Acacia saligna,Common Name,Mimosa a foglie blu
R00053,Acacia saligna,Common Name,Mimosa bleuté
R00053,Acacia saligna,Common Name,Orange wattle
R00053,Acacia saligna,Common Name,Weiden-akazie
R00053,Acacia saligna,Synonym,Acacia bracteata
R00053,Acacia saligna,Synonym,Acacia cyanophylla
R00053,Acacia saligna,Synonym,Acacia lindleyi
R00053,Acacia saligna,Synonym,Mimosa saligna
R00053,Acacia saligna,Synonym,Racosperma salignum
R00210,Acridotheres cristatellus,Common Name,Crested myna
R00210,Acridotheres cristatellus,Synonym,Aethiopsar cristatellus
R00210,Acridotheres cristatellus,Synonym,Gracula cristatella
R00212,Acridotheres tristis,Common Name,Common myna
R00212,Acridotheres tristis,Synonym,Acridotheres tristas
R00460,Ailanthus altissima,Common Name,Ailant
R00460,Ailanthus altissima,Common Name,Ailante
R00460,Ailanthus altissima,Common Name,Ailante glanduleux
R00460,Ailanthus altissima,Common Name,Ailanthus
R00460,Ailanthus altissima,Common Name,Ailanto
R00460,Ailanthus altissima,Common Name,Ailanto da china
R00460,Ailanthus altissima,Common Name,Ailanto glanduloso
R00460,Ailanthus altissima,Common Name,Ailantus
R00460,Ailanthus altissima,Common Name,Albero del paradiso
R00460,Ailanthus altissima,Common Name,Árbol de la china
R00460,Ailanthus altissima,Common Name,Árbol de los dioses
R00460,Ailanthus altissima,Common Name,Arbol del cielo
R00460,Ailanthus altissima,Common Name,Árbol del japón
R00460,Ailanthus altissima,Common Name,Árbore do ceo
R00460,Ailanthus altissima,Common Name,Arbre des dieux
R00460,Ailanthus altissima,Common Name,Arbre du ciel
R00460,Ailanthus altissima,Common Name,Arcacia
R00460,Ailanthus altissima,Common Name,Barniz del japón
R00460,Ailanthus altissima,Common Name,Bożodrzew gruczołkowaty
R00460,Ailanthus altissima,Common Name,China sumac
R00460,Ailanthus altissima,Common Name,Chinese tree-of-heaven
R00460,Ailanthus altissima,Common Name,Cinamomo
R00460,Ailanthus altissima,Common Name,Copal tree
R00460,Ailanthus altissima,Common Name,Cornissa
R00460,Ailanthus altissima,Common Name,Fals vernís
R00460,Ailanthus altissima,Common Name,Faux vernis du japon
R00460,Ailanthus altissima,Common Name,Gandul de carretera
R00460,Ailanthus altissima,Common Name,Götterbaum
R00460,Ailanthus altissima,Common Name,Gudatraed
R00460,Ailanthus altissima,Common Name,Gudetre
R00460,Ailanthus altissima,Common Name,Hemelboom
R00460,Ailanthus altissima,Common Name,Himmelstraed
R00460,Ailanthus altissima,Common Name,Hivernenc
R00460,Ailanthus altissima,Common Name,Irlando
R00460,Ailanthus altissima,Common Name,Llantio
R00460,Ailanthus altissima,Common Name,Noguera loca
R00460,Ailanthus altissima,Common Name,Oilanto
R00460,Ailanthus altissima,Common Name,Pajasan žlaznatý
R00460,Ailanthus altissima,Common Name,Skink tree
R00460,Ailanthus altissima,Common Name,Skyraekker
R00460,Ailanthus altissima,Common Name,Stinktree
R00460,Ailanthus altissima,Common Name,Tree of heaven
R00460,Ailanthus altissima,Common Name,Varnish tree
R00460,Ailanthus altissima,Common Name,Varnishtree
R00460,Ailanthus altissima,Common Name,Vernís de japó
R00460,Ailanthus altissima,Common Name,Vernis de la chine
R00460,Ailanthus altissima,Common Name,Vernís del japó
R00460,Ailanthus altissima,Common Name,Verno
R00460,Ailanthus altissima,Common Name,Zumaque del japón
R00460,Ailanthus altissima,Common Name,Zumaque falso
R00460,Ailanthus altissima,Common Name,Αείλανθος
R00460,Ailanthus altissima,Common Name,Βρωμόδεντρο
R00460,Ailanthus altissima,Common Name,Βρωμοκαρυδιά
R00460,Ailanthus altissima,Common Name,Βρωμούσα
R00460,Ailanthus altissima,Common Name,Айлант высочайший
R00460,Ailanthus altissima,Synonym,Ailanthus cacodendron
R00460,Ailanthus altissima,Synonym,Ailanthus erythrocarpa
R00460,Ailanthus altissima,Synonym,Ailanthus esquirolii
R00460,Ailanthus altissima,Synonym,Ailanthus giraldii
R00460,Ailanthus altissima,Synonym,Ailanthus glandulosa
R00460,Ailanthus altissima,Synonym,Ailanthus japonica
R00460,Ailanthus altissima,Synonym,Ailanthus peregrina
R00460,Ailanthus altissima,Synonym,Ailanthus pongelion
R00460,Ailanthus altissima,Synonym,Ailanthus procera
R00460,Ailanthus altissima,Synonym,Ailanthus rhodoptera
R00460,Ailanthus altissima,Synonym,Ailanthus rubra
R00460,Ailanthus altissima,Synonym,Ailanthus vilmoriniana
R00460,Ailanthus altissima,Synonym,Albonia peregrina
R00460,Ailanthus altissima,Synonym,Choerospondias auriculata
R00460,Ailanthus altissima,Synonym,Pongelion cacodendron
R00460,Ailanthus altissima,Synonym,Pongelion glandulosum
R00460,Ailanthus altissima,Synonym,Rhus cacodendron
R00460,Ailanthus altissima,Synonym,Toxicodendron altissima
R00644,Alopochen aegyptiaca,Common Name,Egyptian goose
R00644,Alopochen aegyptiaca,Synonym,Alopochen aegyptiacus
R00669,Alternanthera philoxeroides,Common Name,Alligator weed
R00669,Alternanthera philoxeroides,Common Name,Alligatorkraut
R00669,Alternanthera philoxeroides,Common Name,Alligatorweed
R00669,Alternanthera philoxeroides,Common Name,Alternanthère
R00669,Alternanthera philoxeroides,Common Name,Pig weed
R00669,Alternanthera philoxeroides,Synonym,Achyranthes paludosa
R00669,Alternanthera philoxeroides,Synonym,Achyranthes philoxeroides
R00669,Alternanthera philoxeroides,Synonym,Alternanthera philoxerina
R00669,Alternanthera philoxeroides,Synonym,Bucholzia philoxeroides
R00669,Alternanthera philoxeroides,Synonym,Celosia amphibia
R00669,Alternanthera philoxeroides,Synonym,Mogiphanes philorexoides
R00669,Alternanthera philoxeroides,Synonym,Telanthera philoxeroides
R00826,Ameiurus melas,Common Name,Black bullhead
R00826,Ameiurus melas,Synonym,Ictalurus melas
R00994,Andropogon virginicus,Common Name,Broomsedge bluestem
R00994,Andropogon virginicus,Synonym,Anatherum virginicum
R00994,Andropogon virginicus,Synonym,Anatherum virginicum subvar. tetrastachyum
R00994,Andropogon virginicus,Synonym,Anatherum virginicum var. tetrastachyum
R00994,Andropogon virginicus,Synonym,Andropogon capillipes
R00994,Andropogon virginicus,Synonym,Andropogon curtisianus
R00994,Andropogon virginicus,Synonym,Andropogon dealbatus
R00994,Andropogon virginicus,Synonym,Andropogon dissitiflorum
R00994,Andropogon virginicus,Synonym,Andropogon dissitiflorus
R00994,Andropogon virginicus,Synonym,Andropogon eriophorus
R00994,Andropogon virginicus,Synonym,Andropogon glaucescens
R00994,Andropogon virginicus,Synonym,Andropogon louisianae
R00994,Andropogon virginicus,Synonym,Andropogon tetrastachyus
R00994,Andropogon virginicus,Synonym,Andropogon vaginatus
R00994,Andropogon virginicus,Synonym,Andropogon virginicus f. virginicus
R00994,Andropogon virginicus,Synonym,Andropogon virginicus subsp. genuinus
R00994,Andropogon virginicus,Synonym,Andropogon virginicus subvar. ditior
R00994,Andropogon virginicus,Synonym,Andropogon virginicus var. genuinus
R00994,Andropogon virginicus,Synonym,Andropogon virginicus var. scabriglumus
R00994,Andropogon virginicus,Synonym,Andropogon virginicus var. tetrastachyus
R00994,Andropogon virginicus,Synonym,Andropogon virginicus var. vaginatus
R00994,Andropogon virginicus,Synonym,Andropogon virginicus var. viridis
R00994,Andropogon virginicus,Synonym,Cinna lateralis
R00994,Andropogon virginicus,Synonym,Cymbopogon glaucus
R00994,Andropogon virginicus,Synonym,Dimeiostemon tetrastachys
R00994,Andropogon virginicus,Synonym,Dimeiostemon vaginatus
R00994,Andropogon virginicus,Synonym,Holcus virginicus
R00994,Andropogon virginicus,Synonym,Sorghum virginicum
R01506,Arthurdendyus triangulatus,Common Name,New zealand flatworm
R01506,Arthurdendyus triangulatus,Synonym,Artioposthia triangulata
R01529,Asclepias syriaca,Common Name,Albero della seta
R01529,Asclepias syriaca,Common Name,Asclepia
R01529,Asclepias syriaca,Common Name,Asclepiade
R01529,Asclepias syriaca,Common Name,Broadleaf milkweed
R01529,Asclepias syriaca,Common Name,Common milkweed
R01529,Asclepias syriaca,Common Name,Kaempe-silkeplante
R01529,Asclepias syriaca,Common Name,Klejicha hedvábná
R01529,Asclepias syriaca,Common Name,Közönséges selyemkóró
R01529,Asclepias syriaca,Common Name,Seidenpflanze
R01529,Asclepias syriaca,Common Name,Sirinis klemalis
R01529,Asclepias syriaca,Common Name,Syrische seidenpflanze
R01529,Asclepias syriaca,Common Name,Trojeść amerykańska
R01529,Asclepias syriaca,Common Name,Vencetosigo comun
R01529,Asclepias syriaca,Common Name,Zijdeplant
R01529,Asclepias syriaca,Common Name,Ваточник сирийский
R01529,Asclepias syriaca,Synonym,Asclepias intermedia
R01529,Asclepias syriaca,Synonym,Asclepias kansana
R01529,Asclepias syriaca,Synonym,Asclepias syriaca var. kansana
R20144,Asterias amurensis,Common Name,Amur common starfish
R20144,Asterias amurensis,Common Name,flatbottom sea star
R20144,Asterias amurensis,Common Name,Flat-bottomed star
R20144,Asterias amurensis,Common Name,Japanese common starfish
R20144,Asterias amurensis,Common Name,Japanese sea star
R20144,Asterias amurensis,Common Name,Japanese starfish
R20144,Asterias amurensis,Common Name,north Pacific sea star
R20144,Asterias amurensis,Common Name,Northern pacific seastar
R20144,Asterias amurensis,Common Name,purple-orange sea star
R20144,Asterias amurensis,Common Name,Purple-orange star
R20144,Asterias amurensis,Common Name,Амурская обыкновенная морская звезда
R20144,Asterias amurensis,Synonym,Allasterias migrata
R20144,Asterias amurensis,Synonym,Allasterias rathbuni var. nortonensis
R20144,Asterias amurensis,Synonym,Asteracanthion rubens var. migratum
R20144,Asterias amurensis,Synonym,Asterias acervispinis
R20144,Asterias amurensis,Synonym,Asterias amurensis f. acervispinis
R20144,Asterias amurensis,Synonym,Asterias amurensis f. flabellifera
R20144,Asterias amurensis,Synonym,Asterias amurensis f. gracilispinis
R20144,Asterias amurensis,Synonym,Asterias amurensis f. latissima
R20144,Asterias amurensis,Synonym,Asterias flabellifera
R20144,Asterias amurensis,Synonym,Asterias gracilispinis
R20144,Asterias amurensis,Synonym,Asterias latissima
R20144,Asterias amurensis,Synonym,Asterias pectinata
R20144,Asterias amurensis,Synonym,Asterias rubens var. migratum
R20144,Asterias amurensis,Synonym,Parasterias albertensis
R01815,Axis axis,Common Name,Axis deer
R01815,Axis axis,Synonym,Cervus axis
R01830,Baccharis halimifolia,Common Name,Groundsel bush
R01830,Baccharis halimifolia,Synonym,Baccharis halimifolia var. angustior
R01830,Baccharis halimifolia,Synonym,Baccharis halimifolia var. halimifolia
R02029,Bipalium kewense,Common Name,Arrowhead worm
R02029,Bipalium kewense,Common Name,Kew flatworm
R02029,Bipalium kewense,Common Name,Shovelhead flatworm
R02029,Bipalium kewense,Synonym,Bipalium costaricensis
R02029,Bipalium kewense,Synonym,Bipalium kervence
R02029,Bipalium kewense,Synonym,Bipalium kewence
R02029,Bipalium kewense,Synonym,Bipalium kewense subsp. viridis
R02029,Bipalium kewense,Synonym,Bipalium manubriatum
R02029,Bipalium kewense,Synonym,Placocephalus isabellinus
R02029,Bipalium kewense,Synonym,Placocephalus kewensis
R02029,Bipalium kewense,Synonym,Platocephalus kewensis
R02029,Bipalium kewense,Synonym,Sphyrocephalus kewensis
R20177,Brachyponera chinensis,Common Name,Asian needle ant
R20177,Brachyponera chinensis,Synonym,Brachyponera luteipes
R20177,Brachyponera chinensis,Synonym,Pachycondyla chinensis
R20177,Brachyponera chinensis,Synonym,Pachycondyla solitaria
R02356,Broussonetia papyrifera,Common Name, ריינ תות
R02356,Broussonetia papyrifera,Common Name,Amoreira do papel
R02356,Broussonetia papyrifera,Common Name,Arbre à tapa
R02356,Broussonetia papyrifera,Common Name,Brousonetie 
R02356,Broussonetia papyrifera,Common Name,Brousonetie papíronosná
R02356,Broussonetia papyrifera,Common Name,Brusonécia papierová
R02356,Broussonetia papyrifera,Common Name,Brusonecija
R02356,Broussonetia papyrifera,Common Name,Brusonecja chińska 
R02356,Broussonetia papyrifera,Common Name,Brussonezia 
R02356,Broussonetia papyrifera,Common Name,Dudovac
R02356,Broussonetia papyrifera,Common Name,Gelso da carta
R02356,Broussonetia papyrifera,Common Name,Gelso della China
R02356,Broussonetia papyrifera,Common Name,Gelso papirifero 
R02356,Broussonetia papyrifera,Common Name,Gelso papirifero del giappone
R02356,Broussonetia papyrifera,Common Name,Giapponemoro della China
R02356,Broussonetia papyrifera,Common Name,Harilik paberimooruspuu
R02356,Broussonetia papyrifera,Common Name,Japanischer Papierbaum
R02356,Broussonetia papyrifera,Common Name,Japanski dud
R02356,Broussonetia papyrifera,Common Name,Kínai papíreperfa
R02356,Broussonetia papyrifera,Common Name,Mora turca
R02356,Broussonetia papyrifera,Common Name,Moral de la china
R02356,Broussonetia papyrifera,Common Name,Morera de papel
R02356,Broussonetia papyrifera,Common Name,Morera de xina
R02356,Broussonetia papyrifera,Common Name,Morera del Japón
R02356,Broussonetia papyrifera,Common Name,Morera del papel
R02356,Broussonetia papyrifera,Common Name,Morera femella 
R02356,Broussonetia papyrifera,Common Name,Morera paperera
R02356,Broussonetia papyrifera,Common Name,Moro della China 
R02356,Broussonetia papyrifera,Common Name,Mûrier à papier
R02356,Broussonetia papyrifera,Common Name,Mûrier de Chine 
R02356,Broussonetia papyrifera,Common Name,Mûrier d'espagne
R02356,Broussonetia papyrifera,Common Name,Navadna papirjevka
R02356,Broussonetia papyrifera,Common Name,Papelero
R02356,Broussonetia papyrifera,Common Name,Paper mulberry
R02356,Broussonetia papyrifera,Common Name,Paperimulperio
R02356,Broussonetia papyrifera,Common Name,Paperimulperipuu 
R02356,Broussonetia papyrifera,Common Name,Papermulberry tree
R02356,Broussonetia papyrifera,Common Name,Papiermaulbeerbaum
R02356,Broussonetia papyrifera,Common Name,Papiermoerbei
R02356,Broussonetia papyrifera,Common Name,Papiermoerbei 
R02356,Broussonetia papyrifera,Common Name,Papierovník čínsky
R02356,Broussonetia papyrifera,Common Name,Papíreperfa
R02356,Broussonetia papyrifera,Common Name,Papíronosná
R02356,Broussonetia papyrifera,Common Name,Papírovník čínský
R02356,Broussonetia papyrifera,Common Name,Pappersmullbär
R02356,Broussonetia papyrifera,Common Name,Tapa cloth tree 
R02356,Broussonetia papyrifera,Common Name,Tikrasis popiermedis 
R02356,Broussonetia papyrifera,Common Name,Јапански дуд 
R02356,Broussonetia papyrifera,Common Name,Книжно дърво 
R02356,Broussonetia papyrifera,Synonym,Broussonetia billiardii
R02356,Broussonetia papyrifera,Synonym,Broussonetia cordata
R02356,Broussonetia papyrifera,Synonym,Broussonetia cordata
R02356,Broussonetia papyrifera,Synonym,Broussonetia cucullata
R02356,Broussonetia papyrifera,Synonym,Broussonetia dissecta
R02356,Broussonetia papyrifera,Synonym,Broussonetia elegans
R02356,Broussonetia papyrifera,Synonym,Broussonetia kasii
R02356,Broussonetia papyrifera,Synonym,Broussonetia kazi
R02356,Broussonetia papyrifera,Synonym,Broussonetia maculata
R02356,Broussonetia papyrifera,Synonym,Broussonetia nana
R02356,Broussonetia papyrifera,Synonym,Broussonetia navicularis
R02356,Broussonetia papyrifera,Synonym,Broussonetia navifolia
R02356,Broussonetia papyrifera,Synonym,Broussonetia papyrifera var. integrifolia
R02356,Broussonetia papyrifera,Synonym,Broussonetia spathulata
R02356,Broussonetia papyrifera,Synonym,Broussonetia tricolor
R02356,Broussonetia papyrifera,Synonym,Morus papyrifera
R02356,Broussonetia papyrifera,Synonym,Morus papyrifera
R02356,Broussonetia papyrifera,Synonym,Papyrius papyriferus
R02356,Broussonetia papyrifera,Synonym,Papyrius papyrifera
R02356,Broussonetia papyrifera,Synonym,Smithiodendron artocarpoideum
R02356,Broussonetia papyrifera,Synonym,Stenochasma ancolanum
R02356,Broussonetia papyrifera,Synonym,Streblus cordatus
R02356,Broussonetia papyrifera,Synonym,Trophis cordata
R02476,Cabomba caroliniana,Common Name,Carolina fanwort
R02573,Callosciurus erythraeus,Common Name,Pallas's squirrel
R02574,Callosciurus finlaysonii,Common Name,Finlayson's squirrel
R02783,Cardiospermum grandiflorum,Common Name,Showy balloonvine
R02783,Cardiospermum grandiflorum,Synonym,Cardiospermum barbicaule
R02783,Cardiospermum grandiflorum,Synonym,Cardiospermum coluteoides
R02783,Cardiospermum grandiflorum,Synonym,Cardiospermum duarteanum
R02783,Cardiospermum grandiflorum,Synonym,Cardiospermum elegans
R02783,Cardiospermum grandiflorum,Synonym,Cardiospermum hirsutum
R02783,Cardiospermum grandiflorum,Synonym,Cardiospermum hispidum
R02783,Cardiospermum grandiflorum,Synonym,Cardiospermum inflatum
R02783,Cardiospermum grandiflorum,Synonym,Cardiospermum macrophyllum
R02783,Cardiospermum grandiflorum,Synonym,Cardiospermum pilosum
R02783,Cardiospermum grandiflorum,Synonym,Cardiospermum velutinum
R02783,Cardiospermum grandiflorum,Synonym,Cardiospermum vesicarum
R02919,Castor canadensis,Common Name,North American beaver
R02976,Celastrus orbiculatus,Common Name,Asian bittersweet
R02976,Celastrus orbiculatus,Common Name,Jesenec okrouhlolistý
R02976,Celastrus orbiculatus,Common Name,Rundblättriger baumwürger
R02976,Celastrus orbiculatus,Common Name,Traemorder
R02976,Celastrus orbiculatus,Synonym,Celastrus orbiculata
R03000,Cenchrus setaceus,Common Name,Afrikanisches lampenputzergras
R03000,Cenchrus setaceus,Common Name,Fountain grass
R03000,Cenchrus setaceus,Common Name,Plumacho
R03000,Cenchrus setaceus,Synonym,Cenchrus setaceus
R03000,Cenchrus setaceus,Synonym,Pennisetum ruppelii
R03000,Cenchrus setaceus,Synonym,Pennisetum setaceum
R03000,Cenchrus setaceus,Synonym,Phalaris setacea
R03227,Cervus nippon,Common Name,Japanese Sika deer
R03227,Cervus nippon,Common Name,Shansi Sika
R03227,Cervus nippon,Common Name,Sika
R03227,Cervus nippon,Common Name,Sika deer
R03227,Cervus nippon,Synonym,Cervus  taiouanus
R03227,Cervus nippon,Synonym,Cervus hortulorum
R03227,Cervus nippon,Synonym,Cervus nippon
R03227,Cervus nippon,Synonym,Cervus yesoensis
R03330,Channa argus,Common Name,Snakehead
R03330,Channa argus,Synonym,Chana argus warpachowskii
R03330,Channa argus,Synonym,Channa argus warpachowskii
R03330,Channa argus,Synonym,Ophicephalus argus warpachowskii
R03330,Channa argus,Synonym,Ophiocephalus argus warpachowskii
R03330,Channa argus,Synonym,Ophiocephalus warpachowskii
R03444,Cherax destructor,Common Name,Common yabby
R03444,Cherax destructor,Synonym,Cherax davisi
R03444,Cherax destructor,Synonym,Cherax esculus
R01955,Cipangopaludina chinensis,Common Name,Apple snail
R01955,Cipangopaludina chinensis,Common Name,Asian apple snail
R01955,Cipangopaludina chinensis,Common Name,Asian applesnail
R01955,Cipangopaludina chinensis,Common Name,Asian freshwater snail
R01955,Cipangopaludina chinensis,Common Name,black snail
R01955,Cipangopaludina chinensis,Common Name,Chinese apple snail
R01955,Cipangopaludina chinensis,Common Name,Chinese applesnail
R01955,Cipangopaludina chinensis,Common Name,Chinese mystery snail
R01955,Cipangopaludina chinensis,Common Name,Chinese mysterysnail
R01955,Cipangopaludina chinensis,Common Name,mystery snail
R01955,Cipangopaludina chinensis,Common Name,Oriental mystery snail
R01955,Cipangopaludina chinensis,Common Name,Oriental mysterysnail
R01955,Cipangopaludina chinensis,Common Name,Rice snail
R01955,Cipangopaludina chinensis,Common Name,trapdoor snail
R01955,Cipangopaludina chinensis,Synonym,Bellamya chinensis
R01955,Cipangopaludina chinensis,Synonym,Paludina chinensis
R01955,Cipangopaludina chinensis,Synonym,Paludina diminuta
R01955,Cipangopaludina chinensis,Synonym,Paludina laeta
R01955,Cipangopaludina chinensis,Synonym,Paludina leucostoma
R01955,Cipangopaludina chinensis,Synonym,Vivipara chinensis
R01955,Cipangopaludina chinensis,Synonym,Vivipara chinensis var. diminuta
R01955,Cipangopaludina chinensis,Synonym,Viviparus chinensis
R04121,Corvus splendens,Common Name,House crow
R04306,Crassula helmsii,Common Name,?????? ????????? (RU)
R04306,Crassula helmsii,Common Name,????????? ?????? (RU)
R04306,Crassula helmsii,Common Name,????????? ???????????? (RU)
R04306,Crassula helmsii,Common Name,Australian stonecrop
R04306,Crassula helmsii,Common Name,Australian stonecrop (UK)
R04306,Crassula helmsii,Common Name,Australian swamp stonecrop
R04306,Crassula helmsii,Common Name,Australian swamp stonecrop (UK)
R04306,Crassula helmsii,Common Name,Cape ivy (UK)
R04306,Crassula helmsii,Common Name,Corchwyn Seland Newydd (UK)
R04306,Crassula helmsii,Common Name,Crassula
R04306,Crassula helmsii,Common Name,Crássula (PT)
R04306,Crassula helmsii,Common Name,Crassula (UK)
R04306,Crassula helmsii,Common Name,Crassula des étangs
R04306,Crassula helmsii,Common Name,Crassula des étangs (FR)
R04306,Crassula helmsii,Common Name,Crassule de Helms (FR)
R04306,Crassula helmsii,Common Name,Crassule des étangs
R04306,Crassula helmsii,Common Name,Crásula de agua (ES)
R04306,Crassula helmsii,Common Name,Erba grassa di Helms (IT)
R04306,Crassula helmsii,Common Name,Gekrümmtes Nadelkraut (DE)
R04306,Crassula helmsii,Common Name,Grubosz
R04306,Crassula helmsii,Common Name,Grubosz (PL)
R04306,Crassula helmsii,Common Name,Grubosz Helmsa (PL)
R04306,Crassula helmsii,Common Name,Helms crassula
R04306,Crassula helmsii,Common Name,Helms crassula (UK)
R04306,Crassula helmsii,Common Name,Helms dickblatt
R04306,Crassula helmsii,Common Name,Helms Dickblatt (DE)
R04306,Crassula helmsii,Common Name,Krassula
R04306,Crassula helmsii,Common Name,Krassula (DK)
R04306,Crassula helmsii,Common Name,Lõunavesikas (EE)
R04306,Crassula helmsii,Common Name,Naaldkruid (NL)
R04306,Crassula helmsii,Common Name,Nadelkraut
R04306,Crassula helmsii,Common Name,Nadelkraut (DE)
R04306,Crassula helmsii,Common Name,New Zealand pigmy weed (UK)
R04306,Crassula helmsii,Common Name,New zealand pigmyweed
R04306,Crassula helmsii,Common Name,New Zealand pigmyweed (UK)
R04306,Crassula helmsii,Common Name,New zealand pygmy weed
R04306,Crassula helmsii,Common Name,New Zealand pygmy weed (UK)
R04306,Crassula helmsii,Common Name,New Zealand pygmyweed (UK)
R04306,Crassula helmsii,Common Name,New zealand stonecrop
R04306,Crassula helmsii,Common Name,New Zealand stonecrop (UK)
R04306,Crassula helmsii,Common Name,New zealandsk korsarve
R04306,Crassula helmsii,Common Name,Newzealandsk Korsarve (DN)
R04306,Crassula helmsii,Common Name,Orpin australien (FR)
R04306,Crassula helmsii,Common Name,Orpin des marais (FR)
R04306,Crassula helmsii,Common Name,Pigmy weed
R04306,Crassula helmsii,Common Name,Pigmy weed (UK)
R04306,Crassula helmsii,Common Name,Planhigyn suddlon (UK)
R04306,Crassula helmsii,Common Name,Pygmy weed (UK)
R04306,Crassula helmsii,Common Name,Sedum dos pântanos (PT)
R04306,Crassula helmsii,Common Name,Stonecrop
R04306,Crassula helmsii,Common Name,Stonecrop (UK)
R04306,Crassula helmsii,Common Name,Swamp crassula
R04306,Crassula helmsii,Common Name,Swamp crassula (UK)
R04306,Crassula helmsii,Common Name,Swamp stonecrop
R04306,Crassula helmsii,Common Name,Swamp stonecrop (UK)
R04306,Crassula helmsii,Common Name,Sydfyrling
R04306,Crassula helmsii,Common Name,Sydfyrling; Vattenkrassula (SE)
R04306,Crassula helmsii,Common Name,Tlustice novozélandská (CZ)
R04306,Crassula helmsii,Common Name,Watercrassula
R04306,Crassula helmsii,Common Name,Watercrassula (DE)
R04306,Crassula helmsii,Common Name,Watercrassula (NL)
R04306,Crassula helmsii,Common Name,Waternaaldkruid (NL)
R04306,Crassula helmsii,Common Name,Zurückgekrümmtes dickblatt
R04306,Crassula helmsii,Common Name,Zurückgekrümmtes Dickblatt (DE)
R04306,Crassula helmsii,Synonym,Bulliarda recurva
R04306,Crassula helmsii,Synonym,Bulliarda recurva
R04306,Crassula helmsii,Synonym,Crassula helmsii
R04306,Crassula helmsii,Synonym,Crassula recurva
R04306,Crassula helmsii,Synonym,Crassula recurva
R04306,Crassula helmsii,Synonym,Tillaea helmsii
R04306,Crassula helmsii,Synonym,Tillaea helmsii
R04306,Crassula helmsii,Synonym,Tillaea recurva
R04874,Delairea odorata,Common Name,Cape-ivy
R04874,Delairea odorata,Common Name,Climbing senecio 
R04874,Delairea odorata,Common Name,Creulys Dail Eiddew 
R04874,Delairea odorata,Common Name,Delairea voňavá 
R04874,Delairea odorata,Common Name,Donkey rhubarb 
R04874,Delairea odorata,Common Name,Efeu-
R04874,Delairea odorata,Common Name,Efeugreiskraut 
R04874,Delairea odorata,Common Name,Efeu-greiskraut
R04874,Delairea odorata,Common Name,Erva-de-santiago 
R04874,Delairea odorata,Common Name,Erva-de-são-tiago
R04874,Delairea odorata,Common Name,Fokföldiborostyán 
R04874,Delairea odorata,Common Name,German ivy 
R04874,Delairea odorata,Common Name,Greiskraut 
R04874,Delairea odorata,Common Name,Hiedra alemana
R04874,Delairea odorata,Common Name,Južnoafriški bršljan
R04874,Delairea odorata,Common Name,Kaapse klimop 
R04874,Delairea odorata,Common Name,Kap-Efeu 
R04874,Delairea odorata,Common Name,Kvapusis klevedris 
R04874,Delairea odorata,Common Name,Lierre d’allemagne
R04874,Delairea odorata,Common Name,Lierre d'allemagne 
R04874,Delairea odorata,Common Name,Mirisavi staračac 
R04874,Delairea odorata,Common Name,Murattivillakko 
R04874,Delairea odorata,Common Name,Parlor-ivy 
R04874,Delairea odorata,Common Name,Salonefeu 
R04874,Delairea odorata,Common Name,Senecio oloroso 
R04874,Delairea odorata,Common Name,Senecione
R04874,Delairea odorata,Common Name,Senecione mikanioide 
R04874,Delairea odorata,Common Name,Senecione profumato 
R04874,Delairea odorata,Common Name,Slyngende brandbæger 
R04874,Delairea odorata,Common Name,Sommarmurgröna
R04874,Delairea odorata,Common Name,Staračac 
R04874,Delairea odorata,Common Name,Tasneirinha-de-correr 
R04874,Delairea odorata,Common Name,Trepadeira-do-Natal 
R04874,Delairea odorata,Common Name,Yedra alemana
R04874,Delairea odorata,Common Name,Крестовник миканиевидны 
R04874,Delairea odorata,Common Name,Крестовник миканиевидный 
R04874,Delairea odorata,Synonym,Delairea scandens
R04874,Delairea odorata,Synonym,Senecio mikanioides
R04874,Delairea odorata,Synonym,Senecio mikanioides
R04874,Delairea odorata,Synonym,Senecio scandens
R05435,Ehrharta calycina,Common Name,African veldt grass
R05435,Ehrharta calycina,Common Name,Ehrharta
R05435,Ehrharta calycina,Common Name,Perennial veldt grass
R05435,Ehrharta calycina,Synonym,Aira capensis
R05435,Ehrharta calycina,Synonym,Melica geniculata
R05435,Ehrharta calycina,Synonym,Trochera calycina
R05501,Elodea nuttallii,Common Name,Nuttall waterweed
R05501,Elodea nuttallii,Synonym,Anacharis nuttallii
R05501,Elodea nuttallii,Synonym,Anacharis occidentalis
R05501,Elodea nuttallii,Synonym,Elodea columbiana
R05501,Elodea nuttallii,Synonym,Elodea minor
R05501,Elodea nuttallii,Synonym,Elodea occidentalis
R05501,Elodea nuttallii,Synonym,Philotria angustifolia
R05501,Elodea nuttallii,Synonym,Philotria minor
R05501,Elodea nuttallii,Synonym,Philotria nuttallii
R05501,Elodea nuttallii,Synonym,Philotria occidentalis
R05501,Elodea nuttallii,Synonym,Udora verticillata var. minor
R05836,Eriocheir sinensis,Common Name,Chinese mitten crab
R10442,Faxonius immunis,Common Name,Calico crayfish
R10442,Faxonius immunis,Synonym,Cambarus immunis var. spinirostris
R10442,Faxonius immunis,Synonym,Cambarus signifer
R10442,Faxonius immunis,Synonym,Faxonius immunis pedianus
R10443,Faxonius limosus,Common Name,Eastern crayfish
R10445,Faxonius virilis,Common Name,Virile crayfish
R10445,Faxonius virilis,Synonym,Orconectes virilis
R06466,Fundulus heteroclitus,Common Name,Killfish
R06466,Fundulus heteroclitus,Synonym,Cobitis heteroclita
R06466,Fundulus heteroclitus,Synonym,Fundulus heteroclinus
R06466,Fundulus heteroclitus,Synonym,Fundulus heteroclitus
R06573,Gambusia affinis,Common Name,Eastern mosquitofish
R06573,Gambusia affinis,Synonym,Gambusia affinis affinis
R06573,Gambusia affinis,Synonym,Gambusia patruelis
R06574,Gambusia holbrooki,Common Name,Barkaleci pikalosh
R06574,Gambusia holbrooki,Common Name,Barkuleci
R06574,Gambusia holbrooki,Common Name,Bore-drain fish
R06574,Gambusia holbrooki,Common Name,Eastern gambusia
R06574,Gambusia holbrooki,Common Name,Eastern mosquito fish
R06574,Gambusia holbrooki,Common Name,Gambies
R06574,Gambusia holbrooki,Common Name,Gambunsino
R06574,Gambusia holbrooki,Common Name,Gambusia
R06574,Gambusia holbrooki,Common Name,Gambuzie
R06574,Gambusia holbrooki,Common Name,Marmorimoskiittokala
R06574,Gambusia holbrooki,Common Name,Mosquitofish
R06574,Gambusia holbrooki,Common Name,Östlig moskitfisk
R06574,Gambusia holbrooki,Common Name,Østlig moskitofisk
R06574,Gambusia holbrooki,Common Name,Peixe-mosquito
R06574,Gambusia holbrooki,Common Name,Peshku i mushkonjave
R06574,Gambusia holbrooki,Common Name,Plague minnow
R06574,Gambusia holbrooki,Common Name,Starling's perch
R06574,Gambusia holbrooki,Common Name,Täplämoskiittokala
R06574,Gambusia holbrooki,Common Name,Top minnow
R06574,Gambusia holbrooki,Common Name,Гамбузия
R06574,Gambusia holbrooki,Common Name,Хольбрукская гамбузия
R06574,Gambusia holbrooki,Synonym,Gambusia affinis holbrocki
R06574,Gambusia holbrooki,Synonym,Gambusia affinis holbrooki
R06574,Gambusia holbrooki,Synonym,Gambusia holbrocki
R06574,Gambusia holbrooki,Synonym,Gambusia holbrookii
R06574,Gambusia holbrooki,Synonym,Gambusia patruelis holbrooki
R06574,Gambusia holbrooki,Synonym,Heterandria holbrooki
R06574,Gambusia holbrooki,Synonym,Heterandria uninotata
R06574,Gambusia holbrooki,Synonym,Schizophallus holbrooki
R06574,Gambusia holbrooki,Synonym,Zygonectes atrilatus
R06923,Gunnera tinctoria,Common Name,Chilean gunnera
R06923,Gunnera tinctoria,Common Name,Chilean rhubarb
R06923,Gunnera tinctoria,Common Name,Chilenische gunnera
R06923,Gunnera tinctoria,Common Name,Giant rhubarb
R06923,Gunnera tinctoria,Synonym,Gunnera chilensis
R06923,Gunnera tinctoria,Synonym,Gunnera scabra
R06923,Gunnera tinctoria,Synonym,Panke acaulis
R06923,Gunnera tinctoria,Synonym,Panke caulescens
R06923,Gunnera tinctoria,Synonym,Panke tinctoria
R06923,Gunnera tinctoria,Synonym,Pankea chilensis
R06930,Gymnocoronis spilanthoides,Common Name,Vízibojt
R06930,Gymnocoronis spilanthoides,Synonym,Alomia spilanthoides
R06930,Gymnocoronis spilanthoides,Synonym,Gymnocoronis attenuata
R06930,Gymnocoronis spilanthoides,Synonym,Gymnocoronis subcordata
R06930,Gymnocoronis spilanthoides,Synonym,Piqueria attenuata
R06930,Gymnocoronis spilanthoides,Synonym,Piqueria longipetiolata
R07005,Hakea sericea,Common Name,Bushy needlewood
R07005,Hakea sericea,Common Name,Hakea
R07005,Hakea sericea,Common Name,Háquea-picante
R07005,Hakea sericea,Common Name,Needle bush
R07005,Hakea sericea,Common Name,Prickly hakea
R07005,Hakea sericea,Common Name,Silky hakea
R07005,Hakea sericea,Common Name,Silky needle-bush
R07005,Hakea sericea,Synonym,Banksia acicularis
R07005,Hakea sericea,Synonym,Banksia tenuifolia
R07005,Hakea sericea,Synonym,Conchium aciculare
R07005,Hakea sericea,Synonym,Conchium compressum
R07005,Hakea sericea,Synonym,Hakea acicularis
R07005,Hakea sericea,Synonym,Hakea decurrens
R07005,Hakea sericea,Synonym,Hakea tenuifolia
R07248,Heracleum mantegazzianum,Common Name,Barszcz mantegazziego
R07248,Heracleum mantegazzianum,Common Name,Berce de caucase
R07248,Heracleum mantegazzianum,Common Name,Giant hogweed
R07248,Heracleum mantegazzianum,Common Name,Herkulesstaude
R07248,Heracleum mantegazzianum,Common Name,Hiid-karuputk
R07248,Heracleum mantegazzianum,Common Name,Jättebjörnloka
R07248,Heracleum mantegazzianum,Common Name,Kaempe-bjørneklo
R07248,Heracleum mantegazzianum,Common Name,Kaukaasianjättiputki
R07248,Heracleum mantegazzianum,Common Name,Kjempebjønnkjeks
R07248,Heracleum mantegazzianum,Common Name,Mantegaci latvānis
R07248,Heracleum mantegazzianum,Common Name,Mantegaco barštis
R07248,Heracleum mantegazzianum,Common Name,Reuzenberenklauw
R07248,Heracleum mantegazzianum,Common Name,Riesen-bärenklau
R07248,Heracleum mantegazzianum,Common Name,Tröllahvönn
R07248,Heracleum mantegazzianum,Synonym,Heracleum caucasicum
R07248,Heracleum mantegazzianum,Synonym,Heracleum circassicum
R07248,Heracleum mantegazzianum,Synonym,Heracleum giganteum
R07248,Heracleum mantegazzianum,Synonym,Heracleum grossheimii
R07248,Heracleum mantegazzianum,Synonym,Heracleum panaces
R07248,Heracleum mantegazzianum,Synonym,Heracleum speciosum
R07248,Heracleum mantegazzianum,Synonym,Heracleum tauricum
R07248,Heracleum mantegazzianum,Synonym,Heraclium pubescens
R07248,Heracleum mantegazzianum,Synonym,Pastinaca pubescens
R07248,Heracleum mantegazzianum,Synonym,Sphondylium pubescens
R07250,Heracleum persicum,Common Name,Bolševník perský
R07250,Heracleum persicum,Common Name,Hårfrugtet bjørneklo
R07250,Heracleum persicum,Common Name,Pärsia karuputk
R07250,Heracleum persicum,Common Name,Persian hogweed
R07250,Heracleum persicum,Common Name,Persianjättiputki
R07250,Heracleum persicum,Common Name,Perzsa medvetalp
R07250,Heracleum persicum,Common Name,Trollaklo
R07250,Heracleum persicum,Common Name,Tromsöloka
R07250,Heracleum persicum,Common Name,Tromsøpalme
R07252,Heracleum sosnowskyi,Common Name,Barszcz sosnowskiego
R07252,Heracleum sosnowskyi,Common Name,Rundlobet bjørneklo
R07252,Heracleum sosnowskyi,Common Name,Sosnovska latvānis
R07252,Heracleum sosnowskyi,Common Name,Sosnovskio barštis
R07252,Heracleum sosnowskyi,Common Name,Sosnovsky karuputk
R07252,Heracleum sosnowskyi,Common Name,Sosnowskyi's hogweed
R07252,Heracleum sosnowskyi,Common Name,Sosnowsky's hogweed
R07252,Heracleum sosnowskyi,Common Name,Борщевик сосновского
R18922,Humulus scandens,Common Name,Chmel japonský
R18922,Humulus scandens,Common Name,Japan hopfen
R18922,Humulus scandens,Common Name,Japán komló
R18922,Humulus scandens,Common Name,Japansk humle
R18922,Humulus scandens,Common Name,Luoppolo del giappone
R18922,Humulus scandens,Synonym,Antidesma scandens
R18922,Humulus scandens,Synonym,Eugenia apiculata
R18922,Humulus scandens,Synonym,Humulopsis scandens
R18922,Humulus scandens,Synonym,Humulus aculeatus
R18922,Humulus scandens,Synonym,Humulus japonicus
R07537,Hydrocotyle ranunculoides,Common Name,Floating pennywort
R07537,Hydrocotyle ranunculoides,Common Name,Grote waternavel
R07537,Hydrocotyle ranunculoides,Common Name,Hydrocotyle à feuilles de renoncule
R07537,Hydrocotyle ranunculoides,Common Name,Soldinella reniforme
R07537,Hydrocotyle ranunculoides,Synonym,Hydrocotyle batrachioides
R07537,Hydrocotyle ranunculoides,Synonym,Hydrocotyle cymbalarifolia
R07537,Hydrocotyle ranunculoides,Synonym,Hydrocotyle natans
R07537,Hydrocotyle ranunculoides,Synonym,Hydrocotyle nutans
R07719,Impatiens glandulifera,Common Name,Bitinė sprigė
R07719,Impatiens glandulifera,Common Name,Drüsiges springkraut
R07719,Impatiens glandulifera,Common Name,Himalayan balsam
R07719,Impatiens glandulifera,Common Name,Indian balsam
R07719,Impatiens glandulifera,Common Name,Indisches springkrau
R07719,Impatiens glandulifera,Common Name,Jättebalsamin
R07719,Impatiens glandulifera,Common Name,Jättipalsami
R07719,Impatiens glandulifera,Common Name,Kaempe-balsamin
R07719,Impatiens glandulifera,Common Name,Kjempespringfrø
R07719,Impatiens glandulifera,Common Name,Niecierpek gruczolowaty
R07719,Impatiens glandulifera,Common Name,Niecierpek himalajski
R07719,Impatiens glandulifera,Common Name,Ornamental jewelweed
R07719,Impatiens glandulifera,Common Name,Policeman's helmet
R07719,Impatiens glandulifera,Common Name,Puķu sprigane
R07719,Impatiens glandulifera,Common Name,Reuzenbalsemie
R07719,Impatiens glandulifera,Common Name,Verev lemmalts
R07719,Impatiens glandulifera,Common Name,Недотрога железконосная
R07719,Impatiens glandulifera,Synonym,Impatiens roylei
R11145,Koenigia polystachya,Common Name,Himalayan knotweed
R11145,Koenigia polystachya,Synonym,Aconogonon polystachyum
R11145,Koenigia polystachya,Synonym,Aconogonum polystachyum
R11145,Koenigia polystachya,Synonym,Koenigia polystachya
R11145,Koenigia polystachya,Synonym,Persicaria polystachya
R11145,Koenigia polystachya,Synonym,Persicaria wallichii
R11145,Koenigia polystachya,Synonym,Persicaria wallichii var. wallichii
R11145,Koenigia polystachya,Synonym,Peutalis polystachya
R11145,Koenigia polystachya,Synonym,Polygonum polystachyum
R11145,Koenigia polystachya,Synonym,Reynoutria polystachya
R08062,Lagarosiphon major,Common Name,African elodea
R08062,Lagarosiphon major,Common Name,Curly waterweed
R08062,Lagarosiphon major,Common Name,Elodée africaine
R08062,Lagarosiphon major,Common Name,Élodée crépue
R08062,Lagarosiphon major,Common Name,Grand lagarosiphon
R08062,Lagarosiphon major,Common Name,Grosse wasserpest
R08062,Lagarosiphon major,Common Name,Oxygen-weed
R08062,Lagarosiphon major,Common Name,Peste d'acqua arcuata
R08062,Lagarosiphon major,Common Name,Schmalrohr
R08062,Lagarosiphon major,Common Name,Verspreidbladige waterpest
R08062,Lagarosiphon major,Common Name,Wassergirlande
R08062,Lagarosiphon major,Common Name,Wechselbatt-wasserpest
R08062,Lagarosiphon major,Synonym,Anacharis crispa
R08062,Lagarosiphon major,Synonym,Elodea crispa
R08062,Lagarosiphon major,Synonym,Lagarosiphon muscoides
R20061,Lampropeltis getula,Common Name,Eastern kingsnake
R20061,Lampropeltis getula,Synonym,Lampropeltis californiae
R20061,Lampropeltis getula,Synonym,Lampropeltis floridana
R20061,Lampropeltis getula,Synonym,Lampropeltis getula getula
R20061,Lampropeltis getula,Synonym,Lampropeltis holbrooki 
R20061,Lampropeltis getula,Synonym,Lampropeltis meansi
R20061,Lampropeltis getula,Synonym,Lampropeltis nigra 	
R20061,Lampropeltis getula,Synonym,Lampropeltis nigrita
R20061,Lampropeltis getula,Synonym,Lampropeltis splendida
R08376,Lepomis gibbosus,Common Name,Kiver
R08376,Lepomis gibbosus,Synonym,Eupomotis aureus
R08376,Lepomis gibbosus,Synonym,Perca gibbosa
R08376,Lepomis gibbosus,Synonym,Pomotis gibbosus
R08376,Lepomis gibbosus,Synonym,Pomotis ravenellii
R08376,Lepomis gibbosus,Synonym,Pomotis vulgaris
R08376,Lepomis gibbosus,Synonym,Sparus aureus
R19709,Lespedeza cuneata,Synonym,Lespedeza juncea var. sericea
R20060,Limnoperna fortunei,Common Name,Golden mussel
R08679,Lithobates catesbeianus,Common Name,American bullfrog
R08679,Lithobates catesbeianus,Synonym,Rana catesbeiana
R17663,Ludwigia grandiflora,Common Name,Large-flower primrose-willow
R17663,Ludwigia grandiflora,Common Name,Ludwigie à grandes fleurs
R17663,Ludwigia grandiflora,Common Name,Water primrose
R17663,Ludwigia grandiflora,Common Name,Waterteunisbloem
R17663,Ludwigia grandiflora,Synonym,Jussiaea grandiflora
R17663,Ludwigia grandiflora,Synonym,Jussiaea michauxiana
R17663,Ludwigia grandiflora,Synonym,Jussiaea repens var. grandiflora
R17663,Ludwigia grandiflora,Synonym,Jussiaea uruguayensis
R17663,Ludwigia grandiflora,Synonym,Ludwigia grandiflora subsp. grandiflora
R17663,Ludwigia grandiflora,Synonym,Ludwigia hexapetala
R17663,Ludwigia grandiflora,Synonym,Ludwigia uruguayensis
R17663,Ludwigia grandiflora,Synonym,Ludwigia uruguayensis var. major
R08830,Ludwigia peploides,Common Name,Berro de clavo
R08830,Ludwigia peploides,Common Name,California water primrose
R08830,Ludwigia peploides,Common Name,Clavo de playa
R08830,Ludwigia peploides,Common Name,Creeping water primrose
R08830,Ludwigia peploides,Common Name,Duraznillo de agua
R08830,Ludwigia peploides,Common Name,Floating primrose
R08830,Ludwigia peploides,Common Name,Flutende heusenkraut
R08830,Ludwigia peploides,Common Name,Jussie d'orx
R08830,Ludwigia peploides,Synonym,Jussiaea californica
R08830,Ludwigia peploides,Synonym,Jussiaea fluitans
R08830,Ludwigia peploides,Synonym,Jussiaea gomezii
R08830,Ludwigia peploides,Synonym,Jussiaea patibilcensis
R08830,Ludwigia peploides,Synonym,Jussiaea peploides
R08830,Ludwigia peploides,Synonym,Jussiaea polygonoides
R08830,Ludwigia peploides,Synonym,Jussiaea ramulosa
R08830,Ludwigia peploides,Synonym,Ludwigia ramulosa
R08915,Lysichiton americanus,Common Name,American skunkcabbage
R08915,Lysichiton americanus,Common Name,American skunk-cabbage
R08915,Lysichiton americanus,Common Name,Amerikanischer stinktierkohl
R08915,Lysichiton americanus,Common Name,Gul kaempekalla
R08915,Lysichiton americanus,Common Name,Keltamajavankaali
R08915,Lysichiton americanus,Common Name,Moeraslantaarn
R08915,Lysichiton americanus,Common Name,Skunkkala
R08915,Lysichiton americanus,Common Name,Skunkkalla
R08915,Lysichiton americanus,Synonym,Lysichitum americanum
R19419,Marisa cornuarietis,Common Name,Colombian ramshorn
R19419,Marisa cornuarietis,Common Name,Colombian ramshorn apple snail
R19419,Marisa cornuarietis,Common Name,Colombian ramshorn applesnail
R19419,Marisa cornuarietis,Common Name,Columbian ramshorn snail
R19419,Marisa cornuarietis,Common Name,Giant ramshorn
R19419,Marisa cornuarietis,Common Name,giant rams-horn
R19419,Marisa cornuarietis,Common Name,giant ramshorn snail
R19419,Marisa cornuarietis,Common Name,giant rams-horn snail
R19419,Marisa cornuarietis,Common Name,golden horn marisa
R19419,Marisa cornuarietis,Common Name,goldenhorned Marissa
R19419,Marisa cornuarietis,Common Name,hard disk snail
R19419,Marisa cornuarietis,Common Name,Ramshorn apple snail
R19419,Marisa cornuarietis,Common Name,striped ram's horn snail
R19419,Marisa cornuarietis,Common Name,stripehorn
R19419,Marisa cornuarietis,Synonym,Ampullaria (Ceratodes) chiquitensis
R19419,Marisa cornuarietis,Synonym,Ampullaria (Marisa) cornuarietis
R19419,Marisa cornuarietis,Synonym,Ampullaria chiquitensis
R19419,Marisa cornuarietis,Synonym,Ampullaria cornuarietis
R19419,Marisa cornuarietis,Synonym,Ampullaria knorrii
R19419,Marisa cornuarietis,Synonym,Ampullaria knorrii 
R19419,Marisa cornuarietis,Synonym,Ampullaria rotula
R19419,Marisa cornuarietis,Synonym,Ceratodes fasciatus
R19419,Marisa cornuarietis,Synonym,Ceratodes rotula
R19419,Marisa cornuarietis,Synonym,Ceratodes rotula 
R19419,Marisa cornuarietis,Synonym,Helix cornu arietis
R19419,Marisa cornuarietis,Synonym,Helix cornuarietis 
R19419,Marisa cornuarietis,Synonym,Marisa chiquitensis
R19419,Marisa cornuarietis,Synonym,Marisa cornuarietis knorrii
R19419,Marisa cornuarietis,Synonym,Marisa cornuarietis var. swifti 
R19419,Marisa cornuarietis,Synonym,Marisa intermedia
R19419,Marisa cornuarietis,Synonym,Marisa rotula
R19419,Marisa cornuarietis,Synonym,Planorbis contrarius  
R19419,Marisa cornuarietis,Synonym,Planorbis contrarius
R09459,Microstegium vimineum,Common Name,Japanese stiltgrass
R09459,Microstegium vimineum,Common Name,Nepalese browntop
R09459,Microstegium vimineum,Synonym,Andropogon vimineum
R09459,Microstegium vimineum,Synonym,Andropogon vimineus
R09459,Microstegium vimineum,Synonym,Eulalia viminea
R09459,Microstegium vimineum,Synonym,Eulalia viminea var. imberbis
R09459,Microstegium vimineum,Synonym,Eulalia viminea var. variabilis
R09459,Microstegium vimineum,Synonym,Microstegium imberbe
R09459,Microstegium vimineum,Synonym,Microstegium reticulatum
R09459,Microstegium vimineum,Synonym,Microstegium vimineum var. imberbe
R09459,Microstegium vimineum,Synonym,Microstegium vimineum var. willdenowianum
R09459,Microstegium vimineum,Synonym,Microstegium willdenowianum
R09459,Microstegium vimineum,Synonym,Pollinia cantonensis
R09459,Microstegium vimineum,Synonym,Pollinia debilis
R09459,Microstegium vimineum,Synonym,Pollinia dilatata
R09459,Microstegium vimineum,Synonym,Pollinia imberbis
R09459,Microstegium vimineum,Synonym,Pollinia imberbis var. willdenowiana
R09459,Microstegium vimineum,Synonym,Pollinia viminea
R09459,Microstegium vimineum,Synonym,Pollinia willdenowiana
R09519,Misgurnus anguillicaudatus,Common Name,amur mud loach
R09519,Misgurnus anguillicaudatus,Common Name,amur weatherfish
R09519,Misgurnus anguillicaudatus,Common Name,Asian pond loach
R09519,Misgurnus anguillicaudatus,Common Name,Asian weather loach
R09519,Misgurnus anguillicaudatus,Common Name,Chinese muddy loach
R09519,Misgurnus anguillicaudatus,Common Name,Chinese weatherfish
R09519,Misgurnus anguillicaudatus,Common Name,dojo
R09519,Misgurnus anguillicaudatus,Common Name,dojo loach
R09519,Misgurnus anguillicaudatus,Common Name,dojo weatherloch
R09519,Misgurnus anguillicaudatus,Common Name,golden dojo loach
R09519,Misgurnus anguillicaudatus,Common Name,Japanese loach
R09519,Misgurnus anguillicaudatus,Common Name,Japanese weatherfish
R09519,Misgurnus anguillicaudatus,Common Name,mud loach
R09519,Misgurnus anguillicaudatus,Common Name,Oriental weatherfish
R09519,Misgurnus anguillicaudatus,Common Name,oriental weatherloach
R09519,Misgurnus anguillicaudatus,Common Name,pond loach
R09519,Misgurnus anguillicaudatus,Common Name,weather loach
R09519,Misgurnus anguillicaudatus,Common Name,weatherloach
R09519,Misgurnus anguillicaudatus,Synonym,Cobitis anguillicaudata  
R09519,Misgurnus anguillicaudatus,Synonym,Misgurnus aguillicadatus 
R09519,Misgurnus anguillicaudatus,Synonym,Misgurnus anguillicaudatus anguillicaudatus 
R09519,Misgurnus anguillicaudatus,Synonym,Misgurnus crossochilus 
R09519,Misgurnus anguillicaudatus,Synonym,Misgurnus elongatus 
R09519,Misgurnus anguillicaudatus,Synonym,Misgurnus fossilis anguillicaudatus 
R09519,Misgurnus anguillicaudatus,Synonym,Misgurnus lividus  
R09519,Misgurnus anguillicaudatus,Synonym,Misgurnus mizolepis elongatus 
R09519,Misgurnus anguillicaudatus,Synonym,Misgurnus mizolepis grangeri  
R09519,Misgurnus anguillicaudatus,Synonym,Misgurnus mizolepis punctatus  
R09519,Misgurnus anguillicaudatus,Synonym,Misgurnus mizolepis unicolor  
R09519,Misgurnus anguillicaudatus,Synonym,Misgurnus mohoity leopardus  
R09519,Misgurnus anguillicaudatus,Synonym,Misgurnus mohoity yunnan 
R09519,Misgurnus anguillicaudatus,Synonym,Misgurnus punctatus 
R09519,Misgurnus anguillicaudatus,Synonym,Nemacheilus lividus 
R09519,Misgurnus anguillicaudatus,Synonym,Nemachilus lividus 
R09519,Misgurnus anguillicaudatus,Synonym,Ussuria leptocephala 
R20352,Misgurnus bipartitus,Common Name,
R20352,Misgurnus bipartitus,Common Name,Asian weatherfish
R20352,Misgurnus bipartitus,Common Name,Asian weatherloach
R20352,Misgurnus bipartitus,Common Name,dojo
R20352,Misgurnus bipartitus,Common Name,northern oriental weatherfish
R20352,Misgurnus bipartitus,Common Name,northern weatherfish
R20352,Misgurnus bipartitus,Common Name,oriental weatherfish
R20352,Misgurnus bipartitus,Common Name,pond loach
R20352,Misgurnus bipartitus,Synonym,Nemacheilus bipartitus
R09615,Morone americana,Common Name,White perch
R09615,Morone americana,Synonym,Roccus americanus
R19637,Mulinia lateralis,Common Name,coot clam
R19637,Mulinia lateralis,Common Name,Dwarf surf clam
R19637,Mulinia lateralis,Common Name,dwarf surfclam
R19637,Mulinia lateralis,Common Name,little surf clam
R19637,Mulinia lateralis,Synonym,Mactra lateralis
R19637,Mulinia lateralis,Synonym,Mactra rostrata
R09640,Muntiacus reevesi,Common Name,Reeves's muntjac
R09720,Myocastor coypus,Common Name,Coypu
R09720,Myocastor coypus,Common Name,Nutria
R09720,Myocastor coypus,Synonym,Myocaster coypus
R18934,Myriophyllum aquaticum,Common Name,Brasilien-tausendblatt
R18934,Myriophyllum aquaticum,Common Name,Milefólio-aquático
R18934,Myriophyllum aquaticum,Common Name,Myriophylle aquatique
R18934,Myriophyllum aquaticum,Common Name,Parrot's feather
R18934,Myriophyllum aquaticum,Common Name,Parrot's-feather
R18934,Myriophyllum aquaticum,Common Name,Pinheira-de-água
R18934,Myriophyllum aquaticum,Common Name,Pinheirinha
R18934,Myriophyllum aquaticum,Synonym,Enydria aquatica
R18934,Myriophyllum aquaticum,Synonym,Myriophyllum brasiliensis
R18934,Myriophyllum aquaticum,Synonym,Myriophyllum proserpinacoides
R09747,Myriophyllum heterophyllum,Common Name,Broadleaf water-milfoil
R19622,Nanozostera japonica,Common Name,dwarf eelgrass
R19622,Nanozostera japonica,Common Name,Japanese eelgrass
R19622,Nanozostera japonica,Common Name,narrow-bladed eelgrass
R19622,Nanozostera japonica,Synonym,Nanozostera americana
R19622,Nanozostera japonica,Synonym,Nanozostera japonica
R19622,Nanozostera japonica,Synonym,Zostera americana
R19622,Nanozostera japonica,Synonym,Zostera japonica
R19622,Nanozostera japonica,Synonym,Zostera japonica subsp. Austroasiatica
R09857,Nasua nasua,Common Name,South american coati
R12278,Neltuma juliflora,Common Name,Algaroba
R12278,Neltuma juliflora,Common Name,Algaroba bean
R12278,Neltuma juliflora,Common Name,Algarrobo
R12278,Neltuma juliflora,Common Name,Bayahonde
R12278,Neltuma juliflora,Common Name,Mesquite
R12278,Neltuma juliflora,Common Name,Mesquitebaum
R12278,Neltuma juliflora,Common Name,Mexican thorn
R12278,Neltuma juliflora,Synonym,Acacia cumanensis
R12278,Neltuma juliflora,Synonym,Acacia juliflora
R12278,Neltuma juliflora,Synonym,Acacia salinarum
R12278,Neltuma juliflora,Synonym,Algarobia juliflora
R12278,Neltuma juliflora,Synonym,Desmanthus salinarum
R12278,Neltuma juliflora,Synonym,Mimosa juliflora
R12278,Neltuma juliflora,Synonym,Mimosa piliflora
R12278,Neltuma juliflora,Synonym,Neltuma bakeri
R12278,Neltuma juliflora,Synonym,Neltuma juliflora
R12278,Neltuma juliflora,Synonym,Neltuma occidenatlis
R12278,Neltuma juliflora,Synonym,Prosopis bracteolata
R12278,Neltuma juliflora,Synonym,Prosopis cumanensis
R12278,Neltuma juliflora,Synonym,Prosopis domingensis
R12278,Neltuma juliflora,Synonym,Prosopis vidaliana
R09952,Neogale vison,Common Name,American mink
R09952,Neogale vison,Synonym,Mustela vison
R09952,Neogale vison,Synonym,Neovison vison
R10085,Nyctereutes procyonoides,Common Name,Raccoon dog
R19398,Obama nungara,Common Name,Marron platte
R19398,Obama nungara,Common Name,Nungara flatworm
R19398,Obama nungara,Synonym,Obama marmorata
R10336,Ondatra zibethicus,Common Name,Muskbeaver
R10336,Ondatra zibethicus,Synonym,Castor zibethicus
R10336,Ondatra zibethicus,Synonym,Fiber zibethicus maculosa
R10336,Ondatra zibethicus,Synonym,Fiber zibethicus niger
R10336,Ondatra zibethicus,Synonym,Fiber zibethicus nigra
R10336,Ondatra zibethicus,Synonym,Fiber zibethicus varius
R10336,Ondatra zibethicus,Synonym,Ondatra americana
R10336,Ondatra zibethicus,Synonym,Ondatra zibethicus zibethicus
R10652,Oxyura jamaicensis,Common Name,Ruddy duck
R10676,Pacifastacus leniusculus,Common Name,Signal crayfish
R10890,Parthenium hysterophorus,Common Name,Ajenjo cimarron
R10890,Parthenium hysterophorus,Common Name,Amargosa
R10890,Parthenium hysterophorus,Common Name,Barley flower
R10890,Parthenium hysterophorus,Common Name,Bastard feverfew
R10890,Parthenium hysterophorus,Common Name,Broomweed
R10890,Parthenium hysterophorus,Common Name,Camalote
R10890,Parthenium hysterophorus,Common Name,Congress grass
R10890,Parthenium hysterophorus,Common Name,Dog flea weed
R10890,Parthenium hysterophorus,Common Name,Escoba amarga
R10890,Parthenium hysterophorus,Common Name,Mentruz
R10890,Parthenium hysterophorus,Common Name,Parthenium weed
R10890,Parthenium hysterophorus,Common Name,Requeson
R10890,Parthenium hysterophorus,Common Name,Santa maria feverfew
R10890,Parthenium hysterophorus,Common Name,Whiteheads
R10890,Parthenium hysterophorus,Synonym,Argyrochaeta bipinnatifida
R10890,Parthenium hysterophorus,Synonym,Argyrochaeta parviflora
R10890,Parthenium hysterophorus,Synonym,Echetrosis pentasperma
R10890,Parthenium hysterophorus,Synonym,Parthenium glomeratum
R10890,Parthenium hysterophorus,Synonym,Parthenium lobatum
R11034,Perccottus glenii,Common Name,Amur sleeper
R19287,Persicaria perfoliata,Common Name,Asiatic tearthumb
R19287,Persicaria perfoliata,Common Name,Devil's tearthumb
R19287,Persicaria perfoliata,Common Name,Devil's-tail tearthumb
R19287,Persicaria perfoliata,Common Name,Gangbangui
R19287,Persicaria perfoliata,Common Name,Giant climbing tearthumb
R19287,Persicaria perfoliata,Common Name,Mile-a-minute weed
R19287,Persicaria perfoliata,Common Name,Yi ye hu wei zao
R19287,Persicaria perfoliata,Synonym,Amplelygonum perfoliatum
R19287,Persicaria perfoliata,Synonym,Chylocalyx perfoliatus
R19287,Persicaria perfoliata,Synonym,Echinocaulon perfoliatum
R19287,Persicaria perfoliata,Synonym,Echinocaulos perfoliatus
R19287,Persicaria perfoliata,Synonym,Fagoparum perfoliatum
R19287,Persicaria perfoliata,Synonym,Persicaria perfoliata
R19287,Persicaria perfoliata,Synonym,Polygonum perfoliatum
R19287,Persicaria perfoliata,Synonym,Tracaulon perfoliatum
R19287,Persicaria perfoliata,Synonym,Truellum perfoliatum
R11671,Pistia stratiotes,Common Name,Water lettuce
R19511,Platydemus manokwari,Common Name,New guinea flatworm
R19511,Platydemus manokwari,Common Name,Platelminto de nueva guinea
R19511,Platydemus manokwari,Common Name,Platelminto della nuova guinea
R19511,Platydemus manokwari,Common Name,Plathelminthe de nouvelle-guinée
R19511,Platydemus manokwari,Synonym,Bipalium joliveti
R11839,Plotosus lineatus,Common Name,Striped eel-catfish
R11839,Plotosus lineatus,Synonym,Plotosus anguillaris
R05440,Pontederia crassipes,Common Name,Giacinto d'acqua comune
R05440,Pontederia crassipes,Common Name,Water hyacinth
R05440,Pontederia crassipes,Synonym,Eichhornia crassipes
R05440,Pontederia crassipes,Synonym,Eichhornia speciosa
R05440,Pontederia crassipes,Synonym,Piaropus crassipes
R12250,Procambarus clarkii,Common Name,Red swamp crayfish
R17660,Procambarus virginalis,Common Name,Marbled crayfish
R17660,Procambarus virginalis,Synonym,Procambarus fallax f. virginalis
R17660,Procambarus virginalis,Synonym,Procambarus spec
R12260,Procyon lotor,Common Name,Raccoon
R12451,Pseudorasbora parva,Common Name,Topmouth gudgeon
R12451,Pseudorasbora parva,Synonym,Leuciscus parvus
R12644,Pueraria montana (Lour.) Merr. var. lobata,Common Name,Japanese arrowroot
R12644,Pueraria montana (Lour.) Merr. var. lobata,Common Name,Kopou-bohne
R12644,Pueraria montana (Lour.) Merr. var. lobata,Common Name,Kudzu
R12644,Pueraria montana (Lour.) Merr. var. lobata,Common Name,Kudzu bean
R12644,Pueraria montana (Lour.) Merr. var. lobata,Common Name,Nepalem
R12644,Pueraria montana (Lour.) Merr. var. lobata,Common Name,Opornik latkowaty
R12644,Pueraria montana (Lour.) Merr. var. lobata,Synonym,Dolichos hirsutus
R12644,Pueraria montana (Lour.) Merr. var. lobata,Synonym,Dolichos lobatus
R12644,Pueraria montana (Lour.) Merr. var. lobata,Synonym,Neustanthus chinensis
R12644,Pueraria montana (Lour.) Merr. var. lobata,Synonym,Pachyrhizus thunbergianus
R12644,Pueraria montana (Lour.) Merr. var. lobata,Synonym,Pueraria argyi
R12644,Pueraria montana (Lour.) Merr. var. lobata,Synonym,Pueraria bodinieri
R12644,Pueraria montana (Lour.) Merr. var. lobata,Synonym,Pueraria caerulea
R12644,Pueraria montana (Lour.) Merr. var. lobata,Synonym,Pueraria harmsii
R12644,Pueraria montana (Lour.) Merr. var. lobata,Synonym,Pueraria hirsuta
R12644,Pueraria montana (Lour.) Merr. var. lobata,Synonym,Pueraria koten
R12644,Pueraria montana (Lour.) Merr. var. lobata,Synonym,Pueraria lobata
R12644,Pueraria montana (Lour.) Merr. var. lobata,Synonym,Pueraria lobata var. thomsonii
R12644,Pueraria montana (Lour.) Merr. var. lobata,Synonym,Pueraria thunbergiana
R12644,Pueraria montana (Lour.) Merr. var. lobata,Synonym,Pueraria triloba
R12684,Pycnonotus cafer,Common Name,Red-vented bulbul
R12685,Pycnonotus jocosus,Common Name,crested bulbul
R12685,Pycnonotus jocosus,Common Name,Red-whiskered bulbul
R12685,Pycnonotus jocosus,Synonym,Lanius jocosus
R12685,Pycnonotus jocosus,Synonym,Turdus cristatus
R18201,Reynoutria japonica,Common Name,??????? ??????? (BG)
R18201,Reynoutria japonica,Common Name,???????? ???????? (RU)
R18201,Reynoutria japonica,Common Name,Duizendknoop (NL)
R18201,Reynoutria japonica,Common Name,Falopia sachalinska (PL)
R18201,Reynoutria japonica,Common Name,German sausage (UK)
R18201,Reynoutria japonica,Common Name,Glúineach bhiorach (IE)
R18201,Reynoutria japonica,Common Name,Glúineach sheapanach (IE)
R18201,Reynoutria japonica,Common Name,Gypsy rhubarb (UK)
R18201,Reynoutria japonica,Common Name,Hancock's curse (UK)
R18201,Reynoutria japonica,Common Name,Hierba nudosa japonesa (ES)
R18201,Reynoutria japonica,Common Name,Japanas dižsurene (LV)
R18201,Reynoutria japonica,Common Name,Japanese knotweed
R18201,Reynoutria japonica,Common Name,Japanese knotweed (UK)
R18201,Reynoutria japonica,Common Name,Japanintatar (FI)
R18201,Reynoutria japonica,Common Name,Japanischer Staudenknöterich (DE)
R18201,Reynoutria japonica,Common Name,Japan-knöterich (DE)
R18201,Reynoutria japonica,Common Name,Japanse (NL)
R18201,Reynoutria japonica,Common Name,Japanse duizendknoop (NL)
R18201,Reynoutria japonica,Common Name,Japansk-pileurt (DK)
R18201,Reynoutria japonica,Common Name,Japonine reinutre (LT)
R18201,Reynoutria japonica,Common Name,Japoninis pelevirkštis (LT)
R18201,Reynoutria japonica,Common Name,Kridlatka japonska (CZ)
R18201,Reynoutria japonica,Common Name,Ladir Tir (UK)
R18201,Reynoutria japonica,Common Name,Parkslide (SE)
R18201,Reynoutria japonica,Common Name,Parkslirekne (NO)
R18201,Reynoutria japonica,Common Name,Pea-shooter plant (UK)
R18201,Reynoutria japonica,Common Name,Poligono del Giappone (IT)
R18201,Reynoutria japonica,Common Name,Pysen saethwr (UK)
R18201,Reynoutria japonica,Common Name,Rdest ostrokonczysty (PL)
R18201,Reynoutria japonica,Common Name,Rdestowiec ostrokonczysty (PL)
R18201,Reynoutria japonica,Common Name,Renouée à feuilles pointues (FR)
R18201,Reynoutria japonica,Common Name,Renouée du Japon (FR)
R18201,Reynoutria japonica,Common Name,Sally rhubarb (UK)
R18201,Reynoutria japonica,Common Name,Sanguinária-do-Japão (PT)
R18201,Reynoutria japonica,Common Name,Sieboldintatar (FI)
R18201,Reynoutria japonica,Common Name,Troscotul japonez (RO)
R18201,Reynoutria japonica,Common Name,Vanligt parkslide (SE)
R18201,Reynoutria japonica,Common Name,Vooljas kirburohi (EE)
R18201,Reynoutria japonica,Common Name,Vooljas pargitatar (EE)
R18201,Reynoutria japonica,Synonym,Fallopia compacta
R18201,Reynoutria japonica,Synonym,Fallopia japonica
R18201,Reynoutria japonica,Synonym,Fallopia japonica
R18201,Reynoutria japonica,Synonym,Fallopia japonica f. colorans
R18201,Reynoutria japonica,Synonym,Fallopia japonica var. compacta
R18201,Reynoutria japonica,Synonym,Fallopia japonica var. compacta
R18201,Reynoutria japonica,Synonym,Fallopia japonica var. compacta
R18201,Reynoutria japonica,Synonym,Fallopia japonica var. hachidyoensis
R18201,Reynoutria japonica,Synonym,Fallopia japonica var. japonica
R18201,Reynoutria japonica,Synonym,Fallopia japonica var. uzenensis
R18201,Reynoutria japonica,Synonym,Pleuropterus cuspidatus
R18201,Reynoutria japonica,Synonym,Pleuropterus cuspidatus
R18201,Reynoutria japonica,Synonym,Pleuropterus zuccarinii
R18201,Reynoutria japonica,Synonym,Pleuropterus zuccarinii
R18201,Reynoutria japonica,Synonym,Polygonum compactum
R18201,Reynoutria japonica,Synonym,Polygonum compactum
R18201,Reynoutria japonica,Synonym,Polygonum cuspidatum
R18201,Reynoutria japonica,Synonym,Polygonum cuspidatum
R18201,Reynoutria japonica,Synonym,Polygonum cuspidatum var. compactum
R18201,Reynoutria japonica,Synonym,Polygonum cuspidatum var. spectabile
R18201,Reynoutria japonica,Synonym,Polygonum hachidyoense
R18201,Reynoutria japonica,Synonym,Polygonum hachidyoense
R18201,Reynoutria japonica,Synonym,Polygonum reynoutria
R18201,Reynoutria japonica,Synonym,Polygonum reynoutria
R18201,Reynoutria japonica,Synonym,Polygonum reynoutria f. colorans
R18201,Reynoutria japonica,Synonym,Polygonum sieboldii
R18201,Reynoutria japonica,Synonym,Polygonum zuccarinii
R18201,Reynoutria japonica,Synonym,Polygonum zuccarinii
R18201,Reynoutria japonica,Synonym,Reynoutria compacta
R18201,Reynoutria japonica,Synonym,Reynoutria compacta
R18201,Reynoutria japonica,Synonym,Reynoutria hachidyoensis
R18201,Reynoutria japonica,Synonym,Reynoutria hachidyoensis
R18201,Reynoutria japonica,Synonym,Reynoutria hachidyoensis var. terminalis
R18201,Reynoutria japonica,Synonym,Reynoutria hachijoensis
R18201,Reynoutria japonica,Synonym,Reynoutria hachijoensis
R18201,Reynoutria japonica,Synonym,Reynoutria hastata
R18201,Reynoutria japonica,Synonym,Reynoutria hastata
R18201,Reynoutria japonica,Synonym,Reynoutria henryi
R18201,Reynoutria japonica,Synonym,Reynoutria japonica var. compacta
R18201,Reynoutria japonica,Synonym,Reynoutria japonica var. hastata
R18201,Reynoutria japonica,Synonym,Reynoutria japonica var. spectabilis
R18201,Reynoutria japonica,Synonym,Reynoutria japonica var. terminalis
R18201,Reynoutria japonica,Synonym,Reynoutria japonica var. uzenensis
R18201,Reynoutria japonica,Synonym,Reynoutria uzenensis
R18201,Reynoutria japonica,Synonym,Reynoutria uzenensis
R18201,Reynoutria japonica,Synonym,Tiniaria japonica
R18201,Reynoutria japonica,Synonym,Tiniaria japonica
R18205,Reynoutria sachalinensis,Common Name,????????? ??????? (BG)
R18205,Reynoutria sachalinensis,Common Name,Bastaardduizendknoop (NL)
R18205,Reynoutria sachalinensis,Common Name,Giant knotweed
R18205,Reynoutria sachalinensis,Common Name,Giant knotweed (UK)
R18205,Reynoutria sachalinensis,Common Name,Glúineach chapaill (IE)
R18205,Reynoutria sachalinensis,Common Name,Jätteslide (SE)
R18205,Reynoutria sachalinensis,Common Name,Kæmpe-pileurt (DN)
R18205,Reynoutria sachalinensis,Common Name,Kjempeslirekne (NO)
R18205,Reynoutria sachalinensis,Common Name,Krídlatka sachalinská (CZ)
R18205,Reynoutria sachalinensis,Common Name,Musaraña de Sajalín (ES)
R18205,Reynoutria sachalinensis,Common Name,Musaraña gigante (ES)
R18205,Reynoutria sachalinensis,Common Name,Óriás japániszalag (HU)
R18205,Reynoutria sachalinensis,Common Name,Pohánkovec sachalínsky (SK)
R18205,Reynoutria sachalinensis,Common Name,Poligono di Sachalin (IT)
R18205,Reynoutria sachalinensis,Common Name,Rdest sachalinski (PL)
R18205,Reynoutria sachalinensis,Common Name,Rdestówka sachalinska (PL)
R18205,Reynoutria sachalinensis,Common Name,Renouée de Sakhaline (FR)
R18205,Reynoutria sachalinensis,Common Name,Sachalin Staudenknöterich (DE)
R18205,Reynoutria sachalinensis,Common Name,Sachalinine reinutre (LT)
R18205,Reynoutria sachalinensis,Common Name,Sachalininis pelevirkštis (LT)
R18205,Reynoutria sachalinensis,Common Name,Sachalin-knöterich (DE)
R18205,Reynoutria sachalinensis,Common Name,Sachalin-knuetkraut (LU)
R18205,Reynoutria sachalinensis,Common Name,Sachalinse duizendknoop (NL)
R18205,Reynoutria sachalinensis,Common Name,Sahalinas dižsurene (LV)
R18205,Reynoutria sachalinensis,Common Name,Sahalinintatar (FN)
R18205,Reynoutria sachalinensis,Common Name,Sahalinski dresnik (SI)
R18205,Reynoutria sachalinensis,Common Name,Sahalinski dvornik (HR)
R18205,Reynoutria sachalinensis,Common Name,Sahhalini konnatatar (EE)
R18205,Reynoutria sachalinensis,Common Name,Sahhalini pargitatar (EE)
R18205,Reynoutria sachalinensis,Common Name,Sakhalin knotweed (UK)
R18205,Reynoutria sachalinensis,Common Name,Sanguinária-gigante (PT)
R18205,Reynoutria sachalinensis,Common Name,Troscot japonez (RO)
R18205,Reynoutria sachalinensis,Synonym,Fallopia sachalinensis
R18205,Reynoutria sachalinensis,Synonym,Pleuropterus sachalinensis
R18205,Reynoutria sachalinensis,Synonym,Polygonum sachalinense
R18205,Reynoutria sachalinensis,Synonym,Polygonum sachalinense
R18205,Reynoutria sachalinensis,Synonym,Tiniaria sachalinensis
R18205,Reynoutria sachalinensis,Synonym,Tiniaria sachalinensis
R18189,Reynoutria x bohemica,Common Name,???????? ??????? (BG)
R18189,Reynoutria x bohemica,Common Name,Ak telgrafçiçegi (TK)
R18189,Reynoutria x bohemica,Common Name,Bastard Staudenknöterich (DE)
R18189,Reynoutria x bohemica,Common Name,Basterdduizendknoop (NL)
R18189,Reynoutria x bohemica,Common Name,Boheemse duizendknoop (NL)
R18189,Reynoutria x bohemica,Common Name,Bohemian knotweed
R18189,Reynoutria x bohemica,Common Name,Bohemian knotweed (UK)
R18189,Reynoutria x bohemica,Common Name,Glúineach  (IE)
R18189,Reynoutria x bohemica,Common Name,Hybrid knotweed (UK)
R18189,Reynoutria x bohemica,Common Name,Hybrid-pileurt (DN)
R18189,Reynoutria x bohemica,Common Name,Hybridslide (SE)
R18189,Reynoutria x bohemica,Common Name,Hybridslirekne (NO)
R18189,Reynoutria x bohemica,Common Name,Krídlatka ceská (CZ)
R18189,Reynoutria x bohemica,Common Name,Poligono di Boemia (IT)
R18189,Reynoutria x bohemica,Common Name,Rdest posredni (PL)
R18189,Reynoutria x bohemica,Common Name,Rdestowiec czeski (PL)
R18189,Reynoutria x bohemica,Common Name,Rdestowiec posredni (PL)
R18189,Reynoutria x bohemica,Common Name,Renouée de Bohême (FR)
R18189,Reynoutria x bohemica,Common Name,Reynoutria ibrida (IT)
R18189,Reynoutria x bohemica,Common Name,Sanguinária (PT)
R18189,Reynoutria x bohemica,Common Name,Tarhatatar (FN)
R18189,Reynoutria x bohemica,Common Name,Voolja ja sahhalini pargitatra hübriid (EE)
R18189,Reynoutria x bohemica,Synonym,Fallopia bohemica
R18189,Reynoutria x bohemica,Synonym,Fallopia japonica x sachalinensis
R18189,Reynoutria x bohemica,Synonym,Fallopia sachalinensis var. intermedia
R18189,Reynoutria x bohemica,Synonym,Fallopia x bohemica
R18189,Reynoutria x bohemica,Synonym,Polygonum bohemicum
R18189,Reynoutria x bohemica,Synonym,Polygonum sachalinense var. intermedium
R18189,Reynoutria x bohemica,Synonym,Reynoutria mizushimae
R18189,Reynoutria x bohemica,Synonym,Reynoutria sachalinensis var. intermedia
R18189,Reynoutria x bohemica,Synonym,Reynoutria vivax
R13229,Rugulopteryx okamurae,Synonym,Rugulopterix okamurae
R13499,Salvinia molesta,Common Name,African payal
R13698,Sciurus carolinensis,Common Name,Gray squirrel
R14285,Solenopsis geminata,Common Name,Fire ant
R20064,Solenopsis invicta,Common Name,Red imported fire ant
R20063,Solenopsis richteri,Common Name,Black imported fire ant
R14882,Tamias sibiricus,Common Name,Siberian chipmunk
R15136,Threskiornis aethiopicus,Common Name,Sacred ibis
R18154,Trachemys scripta,Common Name,Red-eared slider
R18154,Trachemys scripta,Synonym,Chrysemys scripta
R18154,Trachemys scripta,Synonym,Testudo scripta
R15336,Triadica sebifera,Common Name,Albero del sapone
R15336,Triadica sebifera,Common Name,Arbol del sebo
R15336,Triadica sebifera,Common Name,Arbre à suif
R15336,Triadica sebifera,Common Name,Arbre savon
R15336,Triadica sebifera,Common Name,Candleberry-tree
R15336,Triadica sebifera,Common Name,Chicken tree
R15336,Triadica sebifera,Common Name,Chinese tallow
R15336,Triadica sebifera,Common Name,Chinese tallow tree
R15336,Triadica sebifera,Common Name,Chinesischer talgbaum
R15336,Triadica sebifera,Common Name,Florida aspen
R15336,Triadica sebifera,Common Name,Glutier
R15336,Triadica sebifera,Common Name,Pau-do-sebo
R15336,Triadica sebifera,Common Name,Popcorn tree
R15336,Triadica sebifera,Common Name,Tallowtree
R15336,Triadica sebifera,Common Name,Vegetable tallow
R15336,Triadica sebifera,Common Name,White wax berry
R15336,Triadica sebifera,Synonym,Carumbium sebiferum
R15336,Triadica sebifera,Synonym,Croton sebiferum
R15336,Triadica sebifera,Synonym,Excoecaria sebifera
R15336,Triadica sebifera,Synonym,Sapium chihsinianum
R15336,Triadica sebifera,Synonym,Sapium pleiocarpum
R15336,Triadica sebifera,Synonym,Sapium sebiferum
R15336,Triadica sebifera,Synonym,Seborium chinense
R15336,Triadica sebifera,Synonym,Seborium sebiferum
R15336,Triadica sebifera,Synonym,Stillingfleetia sebifera
R15336,Triadica sebifera,Synonym,Stillingia sebifera
R15336,Triadica sebifera,Synonym,Stillingia sinensis
R15336,Triadica sebifera,Synonym,Triadica sinensis
R07276,Urva auropunctata,Common Name,Small indian mongoose
R07276,Urva auropunctata,Synonym,Herpestes auropunctatus
R07276,Urva auropunctata,Synonym,Herpestes javanicus auropunctatus
R20231,Vespa mandarinia,Common Name,Asian giant hornet
R20231,Vespa mandarinia,Common Name,Japanese giant hornet
R20231,Vespa mandarinia,Common Name,Murder hornet
R20231,Vespa mandarinia,Common Name,Northern giant hornet (standard name recently adopted)
R20231,Vespa mandarinia,Common Name,Suzumebachi
R20231,Vespa mandarinia,Common Name,Yak-killer hornet
R20231,Vespa mandarinia,Synonym,Vespa bellona
R20231,Vespa mandarinia,Synonym,Vespa japonica
R20231,Vespa mandarinia,Synonym,Vespa magnifica
R20231,Vespa mandarinia,Synonym,Vespa magnifica sonani
R20231,Vespa mandarinia,Synonym,Vespa magnifica var. latilineata
R20231,Vespa mandarinia,Synonym,Vespa magnifica var. nobilis 
R20231,Vespa mandarinia,Synonym,Vespa mandarina
R15970,Vespa velutina nigrithorax,Common Name,Asian hornet
R15970,Vespa velutina nigrithorax,Common Name,Yellow-legged hornet
R15970,Vespa velutina nigrithorax,Synonym,Vespa crabro var. immaculata
R15970,Vespa velutina nigrithorax,Synonym,Vespa flavitarsus
R15970,Vespa velutina nigrithorax,Synonym,Vespa fruhstorferi
R20062,Wasmannia auropunctata,Common Name,Little fire ant
R16225,Xenopus laevis,Common Name,African clawed frog
