Scientific Name,Q-number,Language,Wikipedia Title
Acacia saligna,Q402385,de,Weidenblatt-Akazie
Acacia saligna,Q402385,en,Acacia saligna
Acacia saligna,Q402385,es,Acacia saligna
Acacia saligna,Q402385,fi,Siniakaasia
Acacia saligna,Q402385,fr,Acacia saligna
Acacia saligna,Q402385,pt,Acacia saligna
Acacia saligna,Q402385,sv,Tårakacia
Acacia saligna,Q402385,ca,Acàcia de fulla blavenca
Acridotheres tristis,Q116667,bg,Обикновена майна
Acridotheres tristis,Q116667,cs,Majna obecná
Acridotheres tristis,Q116667,de,Hirtenmaina
Acridotheres tristis,Q116667,en,Common myna
Acridotheres tristis,Q116667,es,Acridotheres tristis
Acridotheres tristis,Q116667,fi,Pihamaina
Acridotheres tristis,Q116667,fr,Martin triste
Acridotheres tristis,Q116667,ga,Míona coiteann
Acridotheres tristis,Q116667,hu,Pásztormejnó
Acridotheres tristis,Q116667,it,Acridotheres tristis
Acridotheres tristis,Q116667,lv,Parastā maina
Acridotheres tristis,Q116667,nl,Treurmaina
Acridotheres tristis,Q116667,pl,Majna brunatna
Acridotheres tristis,Q116667,pt,Mainato-de-mascarilha-amarela
Acridotheres tristis,Q116667,sv,Brunmajna
Acridotheres tristis,Q116667,eu,Hartxori triste
Acridotheres tristis,Q116667,ca,Mainà comú
Acridotheres tristis,Q116667,tr,Çiğdeci
Acridotheres tristis,Q116667,cy,Maina cyffredin
Ailanthus altissima,Q159570,bg,Айлант
Ailanthus altissima,Q159570,cs,Pajasan žláznatý
Ailanthus altissima,Q159570,da,Skyrækker
Ailanthus altissima,Q159570,de,Götterbaum
Ailanthus altissima,Q159570,el,Αείλανθος ο υψηλότατος
Ailanthus altissima,Q159570,en,Ailanthus altissima
Ailanthus altissima,Q159570,es,Ailanthus altissima
Ailanthus altissima,Q159570,fi,Haisujumaltenpuu
Ailanthus altissima,Q159570,fr,Ailanthus altissima
Ailanthus altissima,Q159570,ga,Crann na nDéithe
Ailanthus altissima,Q159570,hr,Žljezdasti pajasen
Ailanthus altissima,Q159570,hu,Mirigyes bálványfa
Ailanthus altissima,Q159570,it,Ailanthus altissima
Ailanthus altissima,Q159570,lt,Aukštasis ailantas
Ailanthus altissima,Q159570,lv,Augstais ailants
Ailanthus altissima,Q159570,nl,Hemelboom
Ailanthus altissima,Q159570,pl,Bożodrzew gruczołowaty
Ailanthus altissima,Q159570,pt,Árvore-do-céu
Ailanthus altissima,Q159570,ro,Cenușer
Ailanthus altissima,Q159570,sk,Pajaseň žliazkatý
Ailanthus altissima,Q159570,sl,Veliki pajesen
Ailanthus altissima,Q159570,sv,Gudaträd
Ailanthus altissima,Q159570,no,Gudetre
Ailanthus altissima,Q159570,eu,Ailanto
Ailanthus altissima,Q159570,gl,Árbore do ceo
Ailanthus altissima,Q159570,ca,Ailant
Ailanthus altissima,Q159570,sr,Кисело дрво
Ailanthus altissima,Q159570,tr,Kokar ağaç
Ailanthus altissima,Q159570,cy,Coeden y nefoedd
Alopochen aegyptiaca,Q274179,bg,Египетска гъска
Alopochen aegyptiaca,Q274179,cs,Husice nilská
Alopochen aegyptiaca,Q274179,da,Nilgås
Alopochen aegyptiaca,Q274179,de,Nilgans
Alopochen aegyptiaca,Q274179,el,Αιγυπτιακή χήνα
Alopochen aegyptiaca,Q274179,en,Egyptian goose
Alopochen aegyptiaca,Q274179,es,Alopochen aegyptiaca
Alopochen aegyptiaca,Q274179,et,Vaaraohani
Alopochen aegyptiaca,Q274179,fi,Afrikanhanhi
Alopochen aegyptiaca,Q274179,fr,Ouette d'Égypte
Alopochen aegyptiaca,Q274179,ga,Gé Éigipteach
Alopochen aegyptiaca,Q274179,hu,Nílusi lúd
Alopochen aegyptiaca,Q274179,it,Alopochen aegyptiaca
Alopochen aegyptiaca,Q274179,lt,Egiptinė žąsis
Alopochen aegyptiaca,Q274179,nl,Nijlgans
Alopochen aegyptiaca,Q274179,pl,Kazarka egipska
Alopochen aegyptiaca,Q274179,pt,Ganso-do-egito
Alopochen aegyptiaca,Q274179,ro,Gâscă egipteană
Alopochen aegyptiaca,Q274179,sk,Húska štíhla
Alopochen aegyptiaca,Q274179,sv,Nilgås
Alopochen aegyptiaca,Q274179,is,Nílargæs
Alopochen aegyptiaca,Q274179,no,Niland
Alopochen aegyptiaca,Q274179,eu,Antzara egiptoar
Alopochen aegyptiaca,Q274179,gl,Ganso de Exipto
Alopochen aegyptiaca,Q274179,ca,Oca d'Egipte
Alopochen aegyptiaca,Q274179,tr,Mısır kazı
Alopochen aegyptiaca,Q274179,cy,Gŵydd yr Aifft
Alternanthera philoxeroides,Q1472735,de,Alligatorkraut
Alternanthera philoxeroides,Q1472735,en,Alternanthera philoxeroides
Alternanthera philoxeroides,Q1472735,es,Alternanthera philoxeroides
Alternanthera philoxeroides,Q1472735,fi,Vesikaijalehti
Alternanthera philoxeroides,Q1472735,fr,Alternanthera philoxeroides
Alternanthera philoxeroides,Q1472735,sv,Alternanthera philoxeroides
Alternanthera philoxeroides,Q1472735,gl,Alternanthera philoxeroides
Alternanthera philoxeroides,Q1472735,ca,Alternanthera philoxeroides
Ameiurus melas,Q998380,bg,Ameiurus melas
Ameiurus melas,Q998380,cs,Sumeček černý
Ameiurus melas,Q998380,de,Schwarzer Zwergwels
Ameiurus melas,Q998380,en,Black bullhead
Ameiurus melas,Q998380,es,Ameiurus melas
Ameiurus melas,Q998380,fi,Mustapiikkimonni
Ameiurus melas,Q998380,fr,Ameiurus melas
Ameiurus melas,Q998380,hu,Fekete törpeharcsa
Ameiurus melas,Q998380,it,Ameiurus melas
Ameiurus melas,Q998380,nl,Zwarte dwergmeerval
Ameiurus melas,Q998380,pl,Sumik czarny
Ameiurus melas,Q998380,ro,Somn negru
Ameiurus melas,Q998380,sv,Svart dvärgmal
Ameiurus melas,Q998380,eu,Ameiurus melas
Ameiurus melas,Q998380,ca,Peix gat negre
Ameiurus melas,Q998380,sr,Crni patuljasti som
Ameiurus melas,Q998380,tr,Ameiurus melas
Andropogon virginicus,Q309785,de,Andropogon virginicus
Andropogon virginicus,Q309785,en,Andropogon virginicus
Andropogon virginicus,Q309785,es,Andropogon virginicus
Andropogon virginicus,Q309785,fi,Oranssivarrasheinä
Andropogon virginicus,Q309785,sv,Andropogon virginicus
Arthurdendyus triangulatus,Q2698648,de,Arthurdendyus triangulatus
Arthurdendyus triangulatus,Q2698648,en,New Zealand flatworm
Arthurdendyus triangulatus,Q2698648,es,Arthurdendyus triangulatus
Arthurdendyus triangulatus,Q2698648,fi,Uudenseelanninlattana
Arthurdendyus triangulatus,Q2698648,fr,Arthurdendyus triangulatus
Arthurdendyus triangulatus,Q2698648,nl,Nieuw-Zeelandse landplatworm
Arthurdendyus triangulatus,Q2698648,pt,Arthurdendyus triangulatus
Arthurdendyus triangulatus,Q2698648,sv,Arthurdendyus triangulatus
Arthurdendyus triangulatus,Q2698648,ca,Arthurdendyus triangulatus
Asclepias syriaca,Q158295,bg,Asclepias syriaca
Asclepias syriaca,Q158295,cs,Klejicha hedvábná
Asclepias syriaca,Q158295,de,Gewöhnliche Seidenpflanze
Asclepias syriaca,Q158295,en,Asclepias syriaca
Asclepias syriaca,Q158295,es,Asclepias syriaca
Asclepias syriaca,Q158295,fi,Mesisilkkiyrtti
Asclepias syriaca,Q158295,fr,Asclepias syriaca
Asclepias syriaca,Q158295,hr,Prava svilenica
Asclepias syriaca,Q158295,hu,Selyemkóró (növényfaj)
Asclepias syriaca,Q158295,it,Asclepias syriaca
Asclepias syriaca,Q158295,lt,Sirinis klemalis
Asclepias syriaca,Q158295,nl,Zijdeplant
Asclepias syriaca,Q158295,pl,Trojeść amerykańska
Asclepias syriaca,Q158295,sl,Sirska svilnica
Asclepias syriaca,Q158295,sv,Sidenört
Asclepias syriaca,Q158295,no,Rosesilkeurt
Asclepias syriaca,Q158295,sr,Циганско перје
Axis axis,Q232054,bg,Читал
Axis axis,Q232054,cs,Axis indický
Axis axis,Q232054,da,Aksishjort
Axis axis,Q232054,de,Axishirsch
Axis axis,Q232054,en,Chital
Axis axis,Q232054,es,Axis axis
Axis axis,Q232054,fi,Aksiskauris
Axis axis,Q232054,fr,Cerf axis
Axis axis,Q232054,ga,Síotal
Axis axis,Q232054,hu,Pettyes szarvas
Axis axis,Q232054,it,Axis axis
Axis axis,Q232054,lt,Aksis
Axis axis,Q232054,nl,Axishert
Axis axis,Q232054,pl,Aksis czytal
Axis axis,Q232054,pt,Axis axis
Axis axis,Q232054,ro,Axis axis
Axis axis,Q232054,sk,Jeleň axis
Axis axis,Q232054,sl,Čital
Axis axis,Q232054,sv,Axishjort
Axis axis,Q232054,no,Aksishjort
Axis axis,Q232054,eu,Txital
Axis axis,Q232054,gl,Chital
Axis axis,Q232054,ca,Axis (espècie)
Axis axis,Q232054,mk,Аксис
Axis axis,Q232054,tr,Benekli geyik
Baccharis halimifolia,Q948018,bg,Крайморски бакхарис
Baccharis halimifolia,Q948018,cs,Pomíšenka nepitolistá
Baccharis halimifolia,Q948018,de,Kreuzstrauch
Baccharis halimifolia,Q948018,en,Baccharis halimifolia
Baccharis halimifolia,Q948018,es,Baccharis halimifolia
Baccharis halimifolia,Q948018,fi,Pilvisutilatva
Baccharis halimifolia,Q948018,fr,Baccharis halimifolia
Baccharis halimifolia,Q948018,hu,Tengerparti seprűcserje
Baccharis halimifolia,Q948018,nl,Struikaster
Baccharis halimifolia,Q948018,eu,Baccharis halimifolia
Baccharis halimifolia,Q948018,cy,Llyriad-y-dŵr bach
Cabomba caroliniana,Q786072,bg,Каролинска кабомба
Cabomba caroliniana,Q786072,cs,Kabomba karolínská
Cabomba caroliniana,Q786072,de,Karolina-Haarnixe
Cabomba caroliniana,Q786072,en,Cabomba caroliniana
Cabomba caroliniana,Q786072,es,Cabomba caroliniana
Cabomba caroliniana,Q786072,et,Karoliina näkijuus
Cabomba caroliniana,Q786072,fi,Karkeaviuhkalehti
Cabomba caroliniana,Q786072,fr,Cabomba caroliniana
Cabomba caroliniana,Q786072,hu,Karolinai tündérhínár
Cabomba caroliniana,Q786072,it,Cabomba caroliniana
Cabomba caroliniana,Q786072,nl,Waterwaaier
Cabomba caroliniana,Q786072,pl,Kabomba karolińska
Cabomba caroliniana,Q786072,pt,Cabomba caroliniana
Cabomba caroliniana,Q786072,sv,Kabomba
Callosciurus erythraeus,Q860603,bg,Червенокоремна катерица
Callosciurus erythraeus,Q860603,de,Pallashörnchen
Callosciurus erythraeus,Q860603,en,Pallas's squirrel
Callosciurus erythraeus,Q860603,es,Callosciurus erythraeus
Callosciurus erythraeus,Q860603,et,Puna-kabeorav
Callosciurus erythraeus,Q860603,fr,Callosciurus erythraeus
Callosciurus erythraeus,Q860603,hu,Csinos tarkamókus
Callosciurus erythraeus,Q860603,nl,Pallas' eekhoorn
Callosciurus erythraeus,Q860603,pl,Wiewiórczak rdzawobrzuchy
Callosciurus erythraeus,Q860603,sv,Pallasekorre
Callosciurus erythraeus,Q860603,eu,Callosciurus erythraeus
Callosciurus erythraeus,Q860603,ca,Esquirol de Pallas
Callosciurus erythraeus,Q860603,sr,Паласова веверица
Callosciurus finlaysonii,Q2086835,bg,Callosciurus finlaysonii
Callosciurus finlaysonii,Q2086835,de,Finlayson-Hörnchen
Callosciurus finlaysonii,Q2086835,en,Finlayson's squirrel
Callosciurus finlaysonii,Q2086835,es,Callosciurus finlaysonii
Callosciurus finlaysonii,Q2086835,fr,Callosciurus finlaysonii
Callosciurus finlaysonii,Q2086835,it,Callosciurus finlaysonii
Callosciurus finlaysonii,Q2086835,nl,Thaise eekhoorn
Callosciurus finlaysonii,Q2086835,pl,Wiewiórczak zmienny
Callosciurus finlaysonii,Q2086835,sv,Finlaysons ekorre
Callosciurus finlaysonii,Q2086835,eu,Callosciurus finlaysonii
Callosciurus finlaysonii,Q2086835,ca,Esquirol de Finlayson
Callosciurus finlaysonii,Q2086835,sr,Финлејсонова веверица
Cardiospermum grandiflorum,Q15547168,en,Cardiospermum grandiflorum
Cardiospermum grandiflorum,Q15547168,es,Cardiospermum grandiflorum
Cardiospermum grandiflorum,Q15547168,pt,Cardiospermum grandiflorum
Cardiospermum grandiflorum,Q15547168,sv,Cardiospermum grandiflorum
Cardiospermum grandiflorum,Q15547168,ca,Cardiospermum grandiflorum
Celastrus orbiculatus,Q259033,cs,Jesenec okrouhlolistý
Celastrus orbiculatus,Q259033,de,Rundblättriger Baumwürger
Celastrus orbiculatus,Q259033,en,Celastrus orbiculatus
Celastrus orbiculatus,Q259033,fi,Japaninkelasköynnös
Celastrus orbiculatus,Q259033,fr,Celastrus orbiculatus
Celastrus orbiculatus,Q259033,nl,Boomwurger
Celastrus orbiculatus,Q259033,pl,Dławisz okrągłolistny
Celastrus orbiculatus,Q259033,sv,Japansk träddödare
Celastrus orbiculatus,Q259033,cy,Celastrws
Channa argus,Q1156826,cs,Hadohlavec skvrnitý
Channa argus,Q1156826,en,Northern snakehead
Channa argus,Q1156826,es,Channa argus
Channa argus,Q1156826,fi,Channa argus
Channa argus,Q1156826,fr,Channa argus
Channa argus,Q1156826,it,Channa argus
Channa argus,Q1156826,nl,Channa argus
Channa argus,Q1156826,pl,Channa argus
Channa argus,Q1156826,pt,Channa argus
Channa argus,Q1156826,sv,Nordlig ormhuvudsfisk
Channa argus,Q1156826,is,Norðlægur slönguhaus
Channa argus,Q1156826,eu,Channa argus
Channa argus,Q1156826,ca,Channa argus
Channa argus,Q1156826,tr,Channa argus
Cortaderia jubata,Q5173212,de,Cortaderia jubata
Cortaderia jubata,Q5173212,en,Cortaderia jubata
Cortaderia jubata,Q5173212,es,Cortaderia jubata
Cortaderia jubata,Q5173212,sv,Cortaderia jubata
Cortaderia jubata,Q5173212,gl,Cortaderia jubata
Corvus splendens,Q507383,bg,Домашна врана
Corvus splendens,Q507383,cs,Vrána domácí
Corvus splendens,Q507383,de,Glanzkrähe
Corvus splendens,Q507383,en,House crow
Corvus splendens,Q507383,es,Corvus splendens
Corvus splendens,Q507383,fi,Intianvaris
Corvus splendens,Q507383,fr,Corbeau familier
Corvus splendens,Q507383,hu,Indiai varjú
Corvus splendens,Q507383,it,Corvus splendens
Corvus splendens,Q507383,lv,Indijas vārna
Corvus splendens,Q507383,nl,Huiskraai
Corvus splendens,Q507383,pl,Wrona orientalna
Corvus splendens,Q507383,pt,Gralha-indiana
Corvus splendens,Q507383,ro,Cioară indiană cu gât sur
Corvus splendens,Q507383,sv,Huskråka
Corvus splendens,Q507383,eu,Bele indiar
Corvus splendens,Q507383,ca,Corb de l'Índia
Corvus splendens,Q507383,tr,Corvus splendens
Corvus splendens,Q507383,cy,Brân tai
Ehrharta calycina,Q3049297,en,Ehrharta calycina
Ehrharta calycina,Q3049297,es,Ehrharta calycina
Ehrharta calycina,Q3049297,fi,Kapinnyppyheinä
Ehrharta calycina,Q3049297,fr,Ehrharta calycina
Ehrharta calycina,Q3049297,pt,Ehrharta calycina
Ehrharta calycina,Q3049297,sv,Ehrharta calycina
Eichhornia crassipes,Q690645,bg,Воден хиацинт
Eichhornia crassipes,Q690645,cs,Tokozelka nadmutá
Eichhornia crassipes,Q690645,de,Dickstielige Wasserhyazinthe
Eichhornia crassipes,Q690645,en,Pontederia crassipes
Eichhornia crassipes,Q690645,es,Eichhornia crassipes
Eichhornia crassipes,Q690645,fi,Vesihyasintti
Eichhornia crassipes,Q690645,fr,Jacinthe d'eau
Eichhornia crassipes,Q690645,ga,Eichhornia crassipes
Eichhornia crassipes,Q690645,hr,Vodeni zumbul
Eichhornia crassipes,Q690645,hu,Közönséges vízijácint
Eichhornia crassipes,Q690645,it,Pontederia crassipes
Eichhornia crassipes,Q690645,nl,Waterhyacint
Eichhornia crassipes,Q690645,pl,Eichornia gruboogonkowa
Eichhornia crassipes,Q690645,pt,Jacinto-de-água
Eichhornia crassipes,Q690645,sv,Vattenhyacint
Eichhornia crassipes,Q690645,no,Vannhyasint
Eichhornia crassipes,Q690645,eu,Eichhornia crassipes
Eichhornia crassipes,Q690645,gl,Eichhornia crassipes
Eichhornia crassipes,Q690645,ca,Jacint d'aigua
Eichhornia crassipes,Q690645,sr,Водени зумбул
Eichhornia crassipes,Q690645,tr,Eichhornia crassipes
Elodea nuttallii,Q158887,cs,Vodní mor americký
Elodea nuttallii,Q158887,de,Schmalblättrige Wasserpest
Elodea nuttallii,Q158887,en,Elodea nuttallii
Elodea nuttallii,Q158887,es,Elodea nuttallii
Elodea nuttallii,Q158887,et,Väike vesikatk
Elodea nuttallii,Q158887,fi,Kiehkuravesirutto
Elodea nuttallii,Q158887,fr,Élodée de Nuttall
Elodea nuttallii,Q158887,hr,Nuttalliieva vodena kuga
Elodea nuttallii,Q158887,hu,Aprólevelű átokhínár
Elodea nuttallii,Q158887,it,Elodea nuttallii
Elodea nuttallii,Q158887,nl,Smalle waterpest
Elodea nuttallii,Q158887,pl,Moczarka delikatna
Elodea nuttallii,Q158887,sv,Smal vattenpest
Elodea nuttallii,Q158887,sr,Нуталова водена куга
Elodea nuttallii,Q158887,cy,Ffugalaw Nuttall
Eriocheir sinensis,Q823941,bg,Китайски ръкавичен краб
Eriocheir sinensis,Q823941,cs,Krab říční
Eriocheir sinensis,Q823941,da,Kinesisk uldhåndskrabbe
Eriocheir sinensis,Q823941,de,Chinesische Wollhandkrabbe
Eriocheir sinensis,Q823941,en,Chinese mitten crab
Eriocheir sinensis,Q823941,es,Eriocheir sinensis
Eriocheir sinensis,Q823941,et,Hiina villkäppkrabi
Eriocheir sinensis,Q823941,fi,Villasaksirapu
Eriocheir sinensis,Q823941,fr,Crabe chinois
Eriocheir sinensis,Q823941,hu,Gyapjasollós rák
Eriocheir sinensis,Q823941,it,Eriocheir sinensis
Eriocheir sinensis,Q823941,lt,Gauruotažnyplis krabas
Eriocheir sinensis,Q823941,lv,Ķīnas cimdiņkrabis
Eriocheir sinensis,Q823941,nl,Chinese wolhandkrab
Eriocheir sinensis,Q823941,pl,Krab wełnistoszczypcy
Eriocheir sinensis,Q823941,pt,Caranguejo-peludo-chinês
Eriocheir sinensis,Q823941,ro,Eriocheir sinensis
Eriocheir sinensis,Q823941,sv,Kinesisk ullhandskrabba
Eriocheir sinensis,Q823941,no,Kinaullhåndskrabbe
Eriocheir sinensis,Q823941,ca,Cranc xinès
Eriocheir sinensis,Q823941,tr,Kıllı yengeç
Eriocheir sinensis,Q823941,cy,Cranc manegog Tsieina
Faxonius rusticus,Q59712751,en,Rusty crayfish
Faxonius rusticus,Q59712751,nl,Roestbruine Amerikaanse rivierkreeft
Fundulus heteroclitus,Q939303,en,Mummichog
Fundulus heteroclitus,Q939303,es,Fundulus heteroclitus
Fundulus heteroclitus,Q939303,fi,Siniraitakilli
Fundulus heteroclitus,Q939303,fr,Choquemort
Fundulus heteroclitus,Q939303,it,Fundulus heteroclitus
Fundulus heteroclitus,Q939303,nl,Fundulus heteroclitus
Fundulus heteroclitus,Q939303,pt,Fundulus heteroclitus
Fundulus heteroclitus,Q939303,sv,Mummichog
Fundulus heteroclitus,Q939303,eu,Fundulus heteroclitus
Fundulus heteroclitus,Q939303,ca,Fúndul
Gambusia affinis,Q723904,bg,Гамбузия
Gambusia affinis,Q723904,cs,Gambusie komáří
Gambusia affinis,Q723904,de,Koboldkärpfling
Gambusia affinis,Q723904,el,Κουνουπιέρης
Gambusia affinis,Q723904,en,Mosquitofish
Gambusia affinis,Q723904,es,Gambusia affinis
Gambusia affinis,Q723904,fi,Moskiittokala
Gambusia affinis,Q723904,fr,Gambusia holbrooki
Gambusia affinis,Q723904,hu,Szúnyogirtó fogasponty
Gambusia affinis,Q723904,it,Gambusia affinis
Gambusia affinis,Q723904,nl,Gambusia affinis
Gambusia affinis,Q723904,pl,Gambuzja pospolita
Gambusia affinis,Q723904,pt,Peixe-mosquito
Gambusia affinis,Q723904,sk,Živorodka komária
Gambusia affinis,Q723904,sv,Moskitfisk
Gambusia affinis,Q723904,eu,Ganbusia
Gambusia affinis,Q723904,gl,Gambusia affinis
Gambusia affinis,Q723904,ca,Gambusia affinis
Gambusia affinis,Q723904,tr,Sivrisinek balığı
Gambusia holbrooki,Q1930449,cs,Gambusie Holbrookova
Gambusia holbrooki,Q1930449,de,Östlicher Moskitofisch
Gambusia holbrooki,Q1930449,en,Eastern mosquitofish
Gambusia holbrooki,Q1930449,es,Gambusia holbrooki
Gambusia holbrooki,Q1930449,it,Gambusia holbrooki
Gambusia holbrooki,Q1930449,nl,Gambusia holbrooki
Gambusia holbrooki,Q1930449,pl,Gambuzja kropkowana
Gambusia holbrooki,Q1930449,pt,Gambusia holbrooki
Gambusia holbrooki,Q1930449,ro,Gambuzie
Gambusia holbrooki,Q1930449,sv,Östlig moskitfisk
Gambusia holbrooki,Q1930449,eu,Gambusia holbrooki
Gambusia holbrooki,Q1930449,ca,Gambusia holbrooki
Gambusia holbrooki,Q1930449,mk,Гупа
Gunnera tinctoria,Q847582,de,Gunnera tinctoria
Gunnera tinctoria,Q847582,en,Gunnera tinctoria
Gunnera tinctoria,Q847582,es,Gunnera tinctoria
Gunnera tinctoria,Q847582,fi,Värigunnera
Gunnera tinctoria,Q847582,fr,Gunnera tinctoria
Gunnera tinctoria,Q847582,hu,Óriásrebarbara
Gunnera tinctoria,Q847582,it,Gunnera tinctoria
Gunnera tinctoria,Q847582,pt,Gunnera tinctoria
Gunnera tinctoria,Q847582,sv,Röd jättegunnera
Gunnera tinctoria,Q847582,ca,Gunnera tinctoria
Gunnera tinctoria,Q847582,cy,Rheonllys mawr
Gymnocoronis spilanthoides,Q1394846,de,Falscher Wasserfreund
Gymnocoronis spilanthoides,Q1394846,en,Gymnocoronis spilanthoides
Gymnocoronis spilanthoides,Q1394846,es,Gymnocoronis spilanthoides
Gymnocoronis spilanthoides,Q1394846,fr,Gymnocoronis spilanthoides
Gymnocoronis spilanthoides,Q1394846,nl,Smalle theeplant
Hakea sericea,Q3283002,en,Hakea sericea
Hakea sericea,Q3283002,fr,Hakea sericea
Hakea sericea,Q3283002,pt,Hakea sericea
Hakea sericea,Q3283002,sv,Hakea
Heracleum mantegazzianum,Q826602,cs,Bolševník velkolepý
Heracleum mantegazzianum,Q826602,da,Kæmpebjørneklo
Heracleum mantegazzianum,Q826602,de,Riesen-Bärenklau
Heracleum mantegazzianum,Q826602,en,Heracleum mantegazzianum
Heracleum mantegazzianum,Q826602,es,Heracleum mantegazzianum
Heracleum mantegazzianum,Q826602,et,Hiid-karuputk
Heracleum mantegazzianum,Q826602,fi,Kaukasianjättiputki
Heracleum mantegazzianum,Q826602,fr,Berce du Caucase
Heracleum mantegazzianum,Q826602,ga,Feabhrán capaill
Heracleum mantegazzianum,Q826602,hr,Divovski svinjski korov
Heracleum mantegazzianum,Q826602,hu,Kaukázusi medvetalp
Heracleum mantegazzianum,Q826602,it,Heracleum mantegazzianum
Heracleum mantegazzianum,Q826602,lt,Mantegacio barštis
Heracleum mantegazzianum,Q826602,lv,Mantegaca latvānis
Heracleum mantegazzianum,Q826602,nl,Reuzenberenklauw
Heracleum mantegazzianum,Q826602,pl,Barszcz Mantegazziego
Heracleum mantegazzianum,Q826602,pt,Heracleum mantegazzianum
Heracleum mantegazzianum,Q826602,sk,Boľševník obrovský
Heracleum mantegazzianum,Q826602,sl,Orjaški dežen
Heracleum mantegazzianum,Q826602,sv,Jätteloka
Heracleum mantegazzianum,Q826602,is,Bjarnarkló
Heracleum mantegazzianum,Q826602,no,Kjempebjørnekjeks
Heracleum mantegazzianum,Q826602,ca,Julivert gegant
Heracleum mantegazzianum,Q826602,bs,Gigantski svinjski korov
Heracleum mantegazzianum,Q826602,cy,Efwr enfawr
Heracleum persicum,Q1418112,cs,Bolševník perský
Heracleum persicum,Q1418112,de,Golpar
Heracleum persicum,Q1418112,en,Heracleum persicum
Heracleum persicum,Q1418112,es,Heracleum persicum
Heracleum persicum,Q1418112,fi,Persianjättiputki
Heracleum persicum,Q1418112,fr,Berce de Perse
Heracleum persicum,Q1418112,hu,Perzsa medvetalp
Heracleum persicum,Q1418112,nl,Perzische berenklauw
Heracleum persicum,Q1418112,pt,Heracleum persicum
Heracleum persicum,Q1418112,sv,Tromsöloka
Heracleum persicum,Q1418112,no,Tromsøpalme
Heracleum sosnowskyi,Q2600107,cs,Bolševník Sosnowského
Heracleum sosnowskyi,Q2600107,en,Heracleum sosnowskyi
Heracleum sosnowskyi,Q2600107,et,Sosnovski karuputk
Heracleum sosnowskyi,Q2600107,fi,Armenianjättiputki
Heracleum sosnowskyi,Q2600107,fr,Berce de Sosnowskyi
Heracleum sosnowskyi,Q2600107,hu,Szosznovszkij-medvetalp
Heracleum sosnowskyi,Q2600107,lt,Sosnovskio barštis
Heracleum sosnowskyi,Q2600107,lv,Sosnovska latvānis
Heracleum sosnowskyi,Q2600107,nl,Sosnowsky's berenklauw
Heracleum sosnowskyi,Q2600107,pl,Barszcz Sosnowskiego
Heracleum sosnowskyi,Q2600107,sv,Bredloka
Herpestes javanicus,Q600530,bg,Малка индийска мангуста
Herpestes javanicus,Q600530,de,Kleiner Mungo
Herpestes javanicus,Q600530,en,Javan mongoose
Herpestes javanicus,Q600530,es,Herpestes javanicus
Herpestes javanicus,Q600530,fi,Intianpikkumangusti
Herpestes javanicus,Q600530,fr,Mangouste de Java
Herpestes javanicus,Q600530,hr,Indijski mali mungos
Herpestes javanicus,Q600530,hu,Jávai mongúz
Herpestes javanicus,Q600530,it,Herpestes javanicus
Herpestes javanicus,Q600530,nl,Indische mangoeste
Herpestes javanicus,Q600530,pl,Mangusta mała
Herpestes javanicus,Q600530,pt,Mangusto-de-java
Herpestes javanicus,Q600530,sv,Javanesisk mungo
Herpestes javanicus,Q600530,eu,Herpestes javanicus
Herpestes javanicus,Q600530,ca,Mangosta de Java
Herpestes javanicus,Q600530,sq,Mongozi Javanez
Herpestes javanicus,Q600530,sr,Јавански мунгос
Humulus scandens,Q162736,bg,Японски хмел
Humulus scandens,Q162736,en,Humulus japonicus
Humulus scandens,Q162736,fi,Japaninhumala
Humulus scandens,Q162736,fr,Humulus japonicus
Humulus scandens,Q162736,hr,Japanski hmelj
Humulus scandens,Q162736,hu,Japán komló
Humulus scandens,Q162736,sl,Japonski hmelj
Humulus scandens,Q162736,sv,Japansk humle
Hydrocotyle ranunculoides,Q596203,de,Hahnenfußähnlicher Wassernabel
Hydrocotyle ranunculoides,Q596203,en,Hydrocotyle ranunculoides
Hydrocotyle ranunculoides,Q596203,es,Hydrocotyle ranunculoides
Hydrocotyle ranunculoides,Q596203,fr,Hydrocotyle ranunculoides
Hydrocotyle ranunculoides,Q596203,hu,Hévízi gázló
Hydrocotyle ranunculoides,Q596203,nl,Grote waternavel
Hydrocotyle ranunculoides,Q596203,pl,Wąkrota jaskrowata
Hydrocotyle ranunculoides,Q596203,sv,Hydrocotyle ranunculoides
Impatiens glandulifera,Q158035,bg,Жлезиста слабонога
Impatiens glandulifera,Q158035,cs,Netýkavka žláznatá
Impatiens glandulifera,Q158035,da,Kæmpebalsamin
Impatiens glandulifera,Q158035,de,Drüsiges Springkraut
Impatiens glandulifera,Q158035,en,Impatiens glandulifera
Impatiens glandulifera,Q158035,es,Impatiens glandulifera
Impatiens glandulifera,Q158035,et,Verev lemmalts
Impatiens glandulifera,Q158035,fi,Jättipalsami
Impatiens glandulifera,Q158035,fr,Balsamine de l'Himalaya
Impatiens glandulifera,Q158035,ga,Lus na pléisce
Impatiens glandulifera,Q158035,hr,Žljezdasti nedirak
Impatiens glandulifera,Q158035,hu,Bíbor nebáncsvirág
Impatiens glandulifera,Q158035,lt,Bitinė sprigė
Impatiens glandulifera,Q158035,nl,Reuzenbalsemien
Impatiens glandulifera,Q158035,pl,Niecierpek gruczołowaty
Impatiens glandulifera,Q158035,sl,Žlezava nedotika
Impatiens glandulifera,Q158035,sv,Jättebalsamin
Impatiens glandulifera,Q158035,no,Kjempespringfrø
Impatiens glandulifera,Q158035,ca,Impatiens glandulifera
Impatiens glandulifera,Q158035,sr,Impatiens glandulifera
Impatiens glandulifera,Q158035,cy,Jac y neidiwr
Koenigia polystachya,Q15146805,cs,Persicaria wallichii
Koenigia polystachya,Q15146805,de,Himalaja-Knöterich
Koenigia polystachya,Q15146805,en,Koenigia polystachya
Koenigia polystachya,Q15146805,es,Koenigia polystachya
Koenigia polystachya,Q15146805,fi,Seljaröyhytatar
Koenigia polystachya,Q15146805,fr,Polygonum polystachyum
Koenigia polystachya,Q15146805,nl,Afghaanse duizendknoop
Koenigia polystachya,Q15146805,sv,Syrenslide
Koenigia polystachya,Q15146805,cy,Y ganwraidd Himalaiaidd
Lagarosiphon major,Q6471912,de,Wechselblatt-Wasserpest
Lagarosiphon major,Q6471912,en,Lagarosiphon major
Lagarosiphon major,Q6471912,es,Lagarosiphon major
Lagarosiphon major,Q6471912,et,Kähar näkikatk
Lagarosiphon major,Q6471912,fr,Lagarosiphon major
Lagarosiphon major,Q6471912,sv,Lagarosiphon major
Lagarosiphon major,Q6471912,cy,Ffugalaw crych
Lampropeltis getula,Q747093,cs,Korálovka pruhovaná
Lampropeltis getula,Q747093,de,Kettennatter
Lampropeltis getula,Q747093,en,Lampropeltis getula
Lampropeltis getula,Q747093,es,Lampropeltis getula
Lampropeltis getula,Q747093,fi,Kuningaskäärme
Lampropeltis getula,Q747093,fr,Lampropeltis getula
Lampropeltis getula,Q747093,hu,Királysikló
Lampropeltis getula,Q747093,nl,Gewone koningsslang
Lampropeltis getula,Q747093,pl,Lancetogłów królewski
Lampropeltis getula,Q747093,sk,Hadiarka retiazková
Lampropeltis getula,Q747093,sv,Lampropeltis getula
Lampropeltis getula,Q747093,eu,Lampropeltis getula
Lampropeltis getula,Q747093,gl,Lampropeltis getula
Lampropeltis getula,Q747093,ca,Lampropeltis getula
Lepomis gibbosus,Q826713,bg,Слънчева риба
Lepomis gibbosus,Q826713,cs,Slunečnice pestrá
Lepomis gibbosus,Q826713,de,Gemeiner Sonnenbarsch
Lepomis gibbosus,Q826713,en,Pumpkinseed
Lepomis gibbosus,Q826713,es,Lepomis gibbosus
Lepomis gibbosus,Q826713,fi,Aurinkoahven
Lepomis gibbosus,Q826713,fr,Lepomis gibbosus
Lepomis gibbosus,Q826713,hr,Sunčanica (riba)
Lepomis gibbosus,Q826713,hu,Naphal
Lepomis gibbosus,Q826713,it,Lepomis gibbosus
Lepomis gibbosus,Q826713,lt,Paprastasis saulešeris
Lepomis gibbosus,Q826713,nl,Zonnebaars
Lepomis gibbosus,Q826713,pl,Bass słoneczny
Lepomis gibbosus,Q826713,pt,Perca-sol
Lepomis gibbosus,Q826713,sl,Sončni ostriž
Lepomis gibbosus,Q826713,sv,Solabborre
Lepomis gibbosus,Q826713,no,Rødgjellet solabbor
Lepomis gibbosus,Q826713,eu,Eguzki-arrain
Lepomis gibbosus,Q826713,gl,Lepomis gibbosus
Lepomis gibbosus,Q826713,ca,Peix sol
Lepomis gibbosus,Q826713,mk,Сончарка (риба)
Lepomis gibbosus,Q826713,sr,Сунчаница (риба)
Lespedeza cuneata,Q5364126,en,Lespedeza cuneata
Lespedeza cuneata,Q5364126,es,Lespedeza cuneata
Lespedeza cuneata,Q5364126,fi,Kiinanpensasapila
Lespedeza cuneata,Q5364126,fr,Lespedeza cuneata
Lespedeza cuneata,Q5364126,sv,Lespedeza cuneata
Limnoperna fortunei,Q3267225,de,Limnoperna fortunei
Limnoperna fortunei,Q3267225,en,Limnoperna fortunei
Limnoperna fortunei,Q3267225,es,Limnoperna fortunei
Limnoperna fortunei,Q3267225,fr,Limnoperna fortunei
Limnoperna fortunei,Q3267225,nl,Limnoperna fortunei
Limnoperna fortunei,Q3267225,pt,Mexilhão-dourado
Lithobates catesbeianus,Q159404,bg,Жаба бик
Lithobates catesbeianus,Q159404,cs,Skokan volský
Lithobates catesbeianus,Q159404,da,Amerikansk oksefrø
Lithobates catesbeianus,Q159404,de,Nordamerikanischer Ochsenfrosch
Lithobates catesbeianus,Q159404,el,Αμερικανικός βουβαλοβάτραχος
Lithobates catesbeianus,Q159404,en,American bullfrog
Lithobates catesbeianus,Q159404,es,Aquarana catesbeiana
Lithobates catesbeianus,Q159404,et,Härgkonn
Lithobates catesbeianus,Q159404,fi,Härkäsammakko
Lithobates catesbeianus,Q159404,fr,Ouaouaron
Lithobates catesbeianus,Q159404,hu,Ökörbéka
Lithobates catesbeianus,Q159404,it,Lithobates catesbeianus
Lithobates catesbeianus,Q159404,lt,Varlė jautis
Lithobates catesbeianus,Q159404,nl,Amerikaanse stierkikker
Lithobates catesbeianus,Q159404,pl,Żaba rycząca
Lithobates catesbeianus,Q159404,pt,Rã-touro-americana
Lithobates catesbeianus,Q159404,sl,Volovska žaba
Lithobates catesbeianus,Q159404,sv,Oxgroda
Lithobates catesbeianus,Q159404,is,Lithobates catesbeianus
Lithobates catesbeianus,Q159404,no,Amerikansk oksefrosk
Lithobates catesbeianus,Q159404,eu,Lithobates catesbeianus
Lithobates catesbeianus,Q159404,gl,Lithobates catesbeianus
Lithobates catesbeianus,Q159404,ca,Granota toro
Lithobates catesbeianus,Q159404,tr,Amerikan boğakurbağası
Ludwigia grandiflora,Q3266274,de,Großblütiges Heusenkraut
Ludwigia grandiflora,Q3266274,en,Ludwigia grandiflora
Ludwigia grandiflora,Q3266274,es,Ludwigia grandiflora
Ludwigia grandiflora,Q3266274,fr,Ludwigia grandiflora
Ludwigia grandiflora,Q3266274,nl,Waterteunisbloem
Ludwigia grandiflora,Q3266274,sv,Ludwigia grandiflora
Ludwigia grandiflora,Q3266274,gl,Ludwigia grandiflora
Ludwigia grandiflora,Q3266274,ca,Ludwigia grandiflora
Ludwigia peploides,Q3007973,de,Flutendes Heusenkraut
Ludwigia peploides,Q3007973,el,Ludwigia peploides
Ludwigia peploides,Q3007973,en,Ludwigia peploides
Ludwigia peploides,Q3007973,es,Ludwigia peploides
Ludwigia peploides,Q3007973,fr,Ludwigia peploides
Ludwigia peploides,Q3007973,nl,Kleine waterteunisbloem
Ludwigia peploides,Q3007973,pt,Ludwigia peploides
Ludwigia peploides,Q3007973,sv,Ludwigia peploides
Lygodium japonicum,Q3338251,en,Lygodium japonicum
Lygodium japonicum,Q3338251,es,Lygodium japonicum
Lygodium japonicum,Q3338251,fr,Lygodium japonicum
Lygodium japonicum,Q3338251,sv,Lygodium japonicum
Lygodium japonicum,Q3338251,no,Japansk klatrebregne
Lysichiton americanus,Q469972,da,Gul kæmpekalla
Lysichiton americanus,Q469972,de,Amerikanischer Stinktierkohl
Lysichiton americanus,Q469972,en,Lysichiton americanus
Lysichiton americanus,Q469972,es,Lysichiton americanus
Lysichiton americanus,Q469972,et,Ameerika kevadvõhk
Lysichiton americanus,Q469972,fi,Keltamajavankaali
Lysichiton americanus,Q469972,fr,Lysichiton americanus
Lysichiton americanus,Q469972,hr,Američki kozlac
Lysichiton americanus,Q469972,hu,Sárga lápbuzogány
Lysichiton americanus,Q469972,lt,Amerikinis lizichitonas
Lysichiton americanus,Q469972,lv,Amerikas lizihitons
Lysichiton americanus,Q469972,nl,Moeraslantaarn
Lysichiton americanus,Q469972,pl,Tulejnik amerykański
Lysichiton americanus,Q469972,sv,Gul skunkkalla
Lysichiton americanus,Q469972,no,Skunkkala
Lysichiton americanus,Q469972,cy,Pidyn-y-gog Americanaidd
Microstegium vimineum,Q5699638,en,Microstegium vimineum
Microstegium vimineum,Q5699638,es,Microstegium vimineum
Microstegium vimineum,Q5699638,sv,Japanskt styltgräs
Morone americana,Q2337531,en,White perch
Morone americana,Q2337531,fi,Amerikanbassi
Morone americana,Q2337531,fr,Morone americana
Morone americana,Q2337531,hu,Morone americana
Morone americana,Q2337531,nl,Amerikaanse zeebaars
Morone americana,Q2337531,pl,Moron biały
Morone americana,Q2337531,sl,Ameriški brancin
Morone americana,Q2337531,sv,Vitabborre
Morone americana,Q2337531,eu,Morone americana
Morone americana,Q2337531,ca,Morone americana
Muntiacus reevesi,Q695973,bg,Китайски мунтжак
Muntiacus reevesi,Q695973,cs,Muntžak malý
Muntiacus reevesi,Q695973,de,Chinesischer Muntjak
Muntiacus reevesi,Q695973,en,Reeves's muntjac
Muntiacus reevesi,Q695973,es,Muntiacus reevesi
Muntiacus reevesi,Q695973,fi,Kiinanmuntjakki
Muntiacus reevesi,Q695973,fr,Muntjac de Reeves
Muntiacus reevesi,Q695973,hu,Kínai muntyákszarvas
Muntiacus reevesi,Q695973,it,Muntiacus reevesi
Muntiacus reevesi,Q695973,lt,Kininis muntjakas
Muntiacus reevesi,Q695973,nl,Chinese muntjak
Muntiacus reevesi,Q695973,pl,Mundżak chiński
Muntiacus reevesi,Q695973,pt,Muntiacus reevesi
Muntiacus reevesi,Q695973,sv,Muntiacus reevesi
Muntiacus reevesi,Q695973,eu,Muntiacus reevesi
Muntiacus reevesi,Q695973,ca,Muntjac de Reeves
Muntiacus reevesi,Q695973,tr,Çin munçağı
Myocastor coypus,Q187704,bg,Нутрия
Myocastor coypus,Q187704,cs,Nutrie říční
Myocastor coypus,Q187704,de,Nutria
Myocastor coypus,Q187704,en,Nutria
Myocastor coypus,Q187704,es,Myocastor coypus
Myocastor coypus,Q187704,et,Nutria
Myocastor coypus,Q187704,fi,Nutria
Myocastor coypus,Q187704,fr,Ragondin
Myocastor coypus,Q187704,ga,Cadhpú
Myocastor coypus,Q187704,hr,Barska nutrija
Myocastor coypus,Q187704,hu,Nutria
Myocastor coypus,Q187704,it,Nutria
Myocastor coypus,Q187704,lt,Nutrija
Myocastor coypus,Q187704,nl,Beverrat
Myocastor coypus,Q187704,pl,Nutria amerykańska
Myocastor coypus,Q187704,pt,Myocastor coypus
Myocastor coypus,Q187704,ro,Nutrie
Myocastor coypus,Q187704,sk,Nutria riečna
Myocastor coypus,Q187704,sl,Nutrija
Myocastor coypus,Q187704,sv,Sumpbäver
Myocastor coypus,Q187704,is,Nútría
Myocastor coypus,Q187704,no,Sumpbever
Myocastor coypus,Q187704,eu,Koipu
Myocastor coypus,Q187704,gl,Coipú
Myocastor coypus,Q187704,ca,Coipú
Myocastor coypus,Q187704,mk,Нутрија
Myocastor coypus,Q187704,sr,Нутрија
Myocastor coypus,Q187704,tr,Koypu
Myriophyllum aquaticum,Q899338,de,Brasilianisches Tausendblatt
Myriophyllum aquaticum,Q899338,en,Myriophyllum aquaticum
Myriophyllum aquaticum,Q899338,es,Myriophyllum aquaticum
Myriophyllum aquaticum,Q899338,et,Brasiilia vesikuusk
Myriophyllum aquaticum,Q899338,fi,Isoärviä
Myriophyllum aquaticum,Q899338,fr,Myriophyllum aquaticum
Myriophyllum aquaticum,Q899338,it,Myriophyllum aquaticum
Myriophyllum aquaticum,Q899338,nl,Parelvederkruid
Myriophyllum aquaticum,Q899338,pl,Wywłócznik brazylijski
Myriophyllum aquaticum,Q899338,pt,Myriophyllum aquaticum
Myriophyllum aquaticum,Q899338,sv,Storslinga
Myriophyllum aquaticum,Q899338,gl,Myriophyllum aquaticum
Myriophyllum aquaticum,Q899338,cy,Pluen parot
Myriophyllum heterophyllum,Q160407,de,Verschiedenblättriges Tausendblatt
Myriophyllum heterophyllum,Q160407,en,Myriophyllum heterophyllum
Myriophyllum heterophyllum,Q160407,es,Myriophyllum heterophyllum
Myriophyllum heterophyllum,Q160407,fi,Kampaärviä
Myriophyllum heterophyllum,Q160407,fr,Myriophyllum heterophyllum
Myriophyllum heterophyllum,Q160407,pl,Wywłócznik różnolistny
Myriophyllum heterophyllum,Q160407,sv,Myriophyllum heterophyllum
Nasua nasua,Q148462,bg,Южноамериканско коати
Nasua nasua,Q148462,cs,Nosál červený
Nasua nasua,Q148462,da,Næsebjørn
Nasua nasua,Q148462,de,Südamerikanischer Nasenbär
Nasua nasua,Q148462,en,South American coati
Nasua nasua,Q148462,es,Nasua nasua
Nasua nasua,Q148462,fi,Punakoati
Nasua nasua,Q148462,fr,Nasua nasua
Nasua nasua,Q148462,hu,Ormányos medve
Nasua nasua,Q148462,it,Nasua nasua
Nasua nasua,Q148462,lt,Paprastasis koatis
Nasua nasua,Q148462,lv,Dienvidamerikas koati
Nasua nasua,Q148462,nl,Rode neusbeer
Nasua nasua,Q148462,pl,Ostronos rudy
Nasua nasua,Q148462,pt,Quati-de-cauda-anelada
Nasua nasua,Q148462,sl,Koati
Nasua nasua,Q148462,sv,Vanlig näsbjörn
Nasua nasua,Q148462,is,Nefbjörn
Nasua nasua,Q148462,no,Søramerikansk nesebjørn
Nasua nasua,Q148462,eu,Nasua nasua
Nasua nasua,Q148462,gl,Coatí de cola anelada
Nasua nasua,Q148462,ca,Coatí sud-americà
Nasua nasua,Q148462,sr,Јужноамерички коати
Nasua nasua,Q148462,tr,Nasua nasua
Nyctereutes procyonoides,Q133189,bg,Енотовидно куче
Nyctereutes procyonoides,Q133189,cs,Psík mývalovitý
Nyctereutes procyonoides,Q133189,da,Mårhund
Nyctereutes procyonoides,Q133189,de,Marderhund
Nyctereutes procyonoides,Q133189,el,Σκύλος ρακούν
Nyctereutes procyonoides,Q133189,en,Common raccoon dog
Nyctereutes procyonoides,Q133189,es,Nyctereutes procyonoides
Nyctereutes procyonoides,Q133189,et,Kährik
Nyctereutes procyonoides,Q133189,fi,Supikoira
Nyctereutes procyonoides,Q133189,fr,Chien viverrin
Nyctereutes procyonoides,Q133189,hr,Kunopas
Nyctereutes procyonoides,Q133189,hu,Nyestkutya
Nyctereutes procyonoides,Q133189,it,Nyctereutes procyonoides
Nyctereutes procyonoides,Q133189,lt,Usūrinis šuo
Nyctereutes procyonoides,Q133189,lv,Jenotsuns
Nyctereutes procyonoides,Q133189,nl,Wasbeerhond
Nyctereutes procyonoides,Q133189,pl,Jenot azjatycki
Nyctereutes procyonoides,Q133189,pt,Cão-guaxinim
Nyctereutes procyonoides,Q133189,ro,Câine enot
Nyctereutes procyonoides,Q133189,sk,Psík medvedíkovitý
Nyctereutes procyonoides,Q133189,sl,Rakunasti pes
Nyctereutes procyonoides,Q133189,sv,Mårdhund
Nyctereutes procyonoides,Q133189,no,Mårhund
Nyctereutes procyonoides,Q133189,eu,Mapatxe txakur
Nyctereutes procyonoides,Q133189,ca,Gos viverrí
Nyctereutes procyonoides,Q133189,sr,Ракунолики пас
Nyctereutes procyonoides,Q133189,tr,Rakun köpeği
Ondatra zibethicus,Q26283,bg,Ондатра
Ondatra zibethicus,Q26283,cs,Ondatra pižmová
Ondatra zibethicus,Q26283,da,Bisamrotte
Ondatra zibethicus,Q26283,de,Bisamratte
Ondatra zibethicus,Q26283,en,Muskrat
Ondatra zibethicus,Q26283,es,Ondatra zibethicus
Ondatra zibethicus,Q26283,et,Ondatra
Ondatra zibethicus,Q26283,fi,Piisami
Ondatra zibethicus,Q26283,fr,Rat musqué
Ondatra zibethicus,Q26283,ga,Muscfhrancach
Ondatra zibethicus,Q26283,hr,Bizamski štakor
Ondatra zibethicus,Q26283,hu,Pézsmapocok
Ondatra zibethicus,Q26283,it,Ondatra zibethicus
Ondatra zibethicus,Q26283,lt,Ondatra
Ondatra zibethicus,Q26283,lv,Ondatra
Ondatra zibethicus,Q26283,nl,Muskusrat
Ondatra zibethicus,Q26283,pl,Piżmak amerykański
Ondatra zibethicus,Q26283,pt,Rato-almiscarado
Ondatra zibethicus,Q26283,ro,Bizam
Ondatra zibethicus,Q26283,sk,Ondatra pižmová
Ondatra zibethicus,Q26283,sl,Pižmovka
Ondatra zibethicus,Q26283,sv,Bisam
Ondatra zibethicus,Q26283,no,Bisam
Ondatra zibethicus,Q26283,eu,Arratoi musketadun
Ondatra zibethicus,Q26283,gl,Rata de almiscre
Ondatra zibethicus,Q26283,ca,Rata mesquera
Ondatra zibethicus,Q26283,sr,Бизамски пацов
Ondatra zibethicus,Q26283,tr,Ondatra zibethicus
Orconectes limosus,Q107078367,bg,Шипобуз рак
Orconectes limosus,Q107078367,cs,Rak pruhovaný
Orconectes limosus,Q107078367,de,Kamberkrebs
Orconectes limosus,Q107078367,en,Faxonius limosus
Orconectes limosus,Q107078367,es,Orconectes limosus
Orconectes limosus,Q107078367,et,Ogapõskne vähk
Orconectes limosus,Q107078367,fi,Amerikankääpiörapu
Orconectes limosus,Q107078367,fr,Faxonius limosus
Orconectes limosus,Q107078367,it,Orconectes limosus
Orconectes limosus,Q107078367,lt,Rainuotasis vėžys
Orconectes limosus,Q107078367,nl,Gevlekte Amerikaanse rivierkreeft
Orconectes limosus,Q107078367,pl,Rak pręgowaty
Orconectes limosus,Q107078367,sv,Orconectes limosus
Orconectes limosus,Q107078367,no,Orconectes limosus
Orconectes virilis,Q59282984,en,Faxonius virilis
Orconectes virilis,Q59282984,nl,Geknobbelde Amerikaanse rivierkreeft
Oxyura jamaicensis,Q647461,bg,Американска тръноопашата потапница
Oxyura jamaicensis,Q647461,cs,Kachnice kaštanová
Oxyura jamaicensis,Q647461,de,Schwarzkopf-Ruderente
Oxyura jamaicensis,Q647461,en,Ruddy duck
Oxyura jamaicensis,Q647461,es,Oxyura jamaicensis
Oxyura jamaicensis,Q647461,fi,Kuparisorsa
Oxyura jamaicensis,Q647461,fr,Érismature rousse
Oxyura jamaicensis,Q647461,ga,Lacha rua
Oxyura jamaicensis,Q647461,hu,Halcsontfarkú réce
Oxyura jamaicensis,Q647461,it,Oxyura jamaicensis
Oxyura jamaicensis,Q647461,lt,Baltaskruostė stačiauodegė antis
Oxyura jamaicensis,Q647461,lv,Jamaikas zilknābis
Oxyura jamaicensis,Q647461,nl,Rosse stekelstaart
Oxyura jamaicensis,Q647461,pl,Sterniczka jamajska
Oxyura jamaicensis,Q647461,pt,Pato-de-rabo-alçado-americano
Oxyura jamaicensis,Q647461,ro,Rață jamaicană
Oxyura jamaicensis,Q647461,sk,Potápnica bielolíca
Oxyura jamaicensis,Q647461,sv,Amerikansk kopparand
Oxyura jamaicensis,Q647461,is,Hrókönd
Oxyura jamaicensis,Q647461,no,Stivhaleand
Oxyura jamaicensis,Q647461,eu,Malbasia herdoiltsu
Oxyura jamaicensis,Q647461,gl,Raboalzado americano
Oxyura jamaicensis,Q647461,ca,Malvasia de Jamaica
Oxyura jamaicensis,Q647461,tr,Kara başlı dikkuyruk
Oxyura jamaicensis,Q647461,cy,Hwyaden goch
Pacifastacus leniusculus,Q693000,bg,Pacifastacus leniusculus
Pacifastacus leniusculus,Q693000,cs,Rak signální
Pacifastacus leniusculus,Q693000,da,Signalkrebs
Pacifastacus leniusculus,Q693000,de,Signalkrebs
Pacifastacus leniusculus,Q693000,en,Signal crayfish
Pacifastacus leniusculus,Q693000,es,Pacifastacus leniusculus
Pacifastacus leniusculus,Q693000,et,Signaalvähk
Pacifastacus leniusculus,Q693000,fi,Täplärapu
Pacifastacus leniusculus,Q693000,fr,Pacifastacus leniusculus
Pacifastacus leniusculus,Q693000,hr,Signalni rak
Pacifastacus leniusculus,Q693000,hu,Amerikai folyamirák
Pacifastacus leniusculus,Q693000,it,Pacifastacus leniusculus
Pacifastacus leniusculus,Q693000,lt,Žymėtasis vėžys
Pacifastacus leniusculus,Q693000,lv,Signālvēzis
Pacifastacus leniusculus,Q693000,nl,Signaalkreeft
Pacifastacus leniusculus,Q693000,pl,Rak sygnałowy
Pacifastacus leniusculus,Q693000,pt,Pacifastacus leniusculus
Pacifastacus leniusculus,Q693000,sv,Signalkräfta
Pacifastacus leniusculus,Q693000,no,Signalkreps
Pacifastacus leniusculus,Q693000,eu,Seinaledun ibai-karramarro
Pacifastacus leniusculus,Q693000,ca,Cranc de senyal
Parthenium hysterophorus,Q3595850,en,Parthenium hysterophorus
Parthenium hysterophorus,Q3595850,es,Parthenium hysterophorus
Parthenium hysterophorus,Q3595850,fr,Parthenium hysterophorus
Parthenium hysterophorus,Q3595850,pl,Partenium ambrozjowate
Parthenium hysterophorus,Q3595850,gl,Parthenium hysterophorus
Pennisetum setaceum,Q50840675,de,Afrikanisches Lampenputzergras
Pennisetum setaceum,Q50840675,en,Cenchrus setaceus
Pennisetum setaceum,Q50840675,es,Cenchrus setaceus
Pennisetum setaceum,Q50840675,fi,Arabiansulkahirssi
Pennisetum setaceum,Q50840675,it,Cenchrus setaceus
Pennisetum setaceum,Q50840675,pt,Cenchrus setaceus
Pennisetum setaceum,Q50840675,sv,Fjäderborstgräs
Pennisetum setaceum,Q50840675,no,Fjærbørstegras
Perccottus glenii,Q10623625,de,Amur-Schläfergrundel
Perccottus glenii,Q10623625,en,Chinese sleeper
Perccottus glenii,Q10623625,es,Perccottus glenii
Perccottus glenii,Q10623625,et,Kaugida unimudil
Perccottus glenii,Q10623625,fi,Rohmutokko
Perccottus glenii,Q10623625,fr,Perccottus glenii
Perccottus glenii,Q10623625,hu,Amurgéb
Perccottus glenii,Q10623625,it,Perccottus glenii
Perccottus glenii,Q10623625,lv,Rotans
Perccottus glenii,Q10623625,nl,Amoergrondel
Perccottus glenii,Q10623625,pl,Trawianka
Perccottus glenii,Q10623625,sv,Amursömnfisk
Perccottus glenii,Q10623625,no,Perccottus glenii
Perccottus glenii,Q10623625,eu,Perccottus glenii
Perccottus glenii,Q10623625,sr,Perccottus glenii
Persicaria perfoliata,Q836721,en,Persicaria perfoliata
Persicaria perfoliata,Q836721,es,Persicaria perfoliata
Persicaria perfoliata,Q836721,et,Haakuv kirbutatar
Persicaria perfoliata,Q836721,it,Persicaria perfoliata
Persicaria perfoliata,Q836721,nl,Gestekelde duizendknoop
Persicaria perfoliata,Q836721,sv,Truellum perfoliatum
Pistia stratiotes,Q654001,cs,Babelka řezanovitá
Pistia stratiotes,Q654001,de,Wassersalat
Pistia stratiotes,Q654001,en,Pistia
Pistia stratiotes,Q654001,es,Pistia stratiotes
Pistia stratiotes,Q654001,fi,Pistia
Pistia stratiotes,Q654001,fr,Pistia stratiotes
Pistia stratiotes,Q654001,hu,Úszó kagylótutaj
Pistia stratiotes,Q654001,it,Pistia stratiotes
Pistia stratiotes,Q654001,lt,Salotinė plūdoklė
Pistia stratiotes,Q654001,nl,Watersla
Pistia stratiotes,Q654001,pl,Pistia rozetkowa
Pistia stratiotes,Q654001,pt,Pistia
Pistia stratiotes,Q654001,sv,Musselblomma
Pistia stratiotes,Q654001,no,Vannsalat
Pistia stratiotes,Q654001,ca,Pistia stratiotes
Pistia stratiotes,Q654001,tr,Su marulu
Plotosus lineatus,Q767055,bg,Ивичест змиорковиден сом
Plotosus lineatus,Q767055,cs,Plotos proužkatý
Plotosus lineatus,Q767055,de,Gestreifter Korallenwels
Plotosus lineatus,Q767055,en,Plotosus lineatus
Plotosus lineatus,Q767055,es,Plotosus lineatus
Plotosus lineatus,Q767055,fi,Juovakorallimonni
Plotosus lineatus,Q767055,fr,Plotosus lineatus
Plotosus lineatus,Q767055,it,Plotosus lineatus
Plotosus lineatus,Q767055,nl,Gestreepte koraalmeerval
Plotosus lineatus,Q767055,pl,Sumik węgorzowaty
Plotosus lineatus,Q767055,pt,Plotosus lineatus
Plotosus lineatus,Q767055,sv,Korallmal
Plotosus lineatus,Q767055,eu,Plotosus lineatus
Plotosus lineatus,Q767055,ca,Peix gat llistat
Procambarus clarkii,Q1133124,bg,Procambarus clarkii
Procambarus clarkii,Q1133124,cs,Rak červený
Procambarus clarkii,Q1133124,de,Roter Amerikanischer Sumpfkrebs
Procambarus clarkii,Q1133124,en,Procambarus clarkii
Procambarus clarkii,Q1133124,es,Procambarus clarkii
Procambarus clarkii,Q1133124,fr,Écrevisse de Louisiane
Procambarus clarkii,Q1133124,hu,Kaliforniai vörösrák
Procambarus clarkii,Q1133124,it,Procambarus clarkii
Procambarus clarkii,Q1133124,nl,Rode Amerikaanse rivierkreeft
Procambarus clarkii,Q1133124,pt,Procambarus clarkii
Procambarus clarkii,Q1133124,sv,Röd sumpkräfta
Procambarus clarkii,Q1133124,no,Procambarus clarkii
Procambarus clarkii,Q1133124,eu,Ibai-karramarro gorri
Procambarus clarkii,Q1133124,gl,Cangrexo de río americano
Procambarus clarkii,Q1133124,ca,Cranc de riu americà
Procambarus clarkii,Q1133124,tr,Procambarus clarkii
Procambarus virginalis,Q61642001,cs,Rak mramorovaný
Procambarus virginalis,Q61642001,de,Marmorkrebs
Procambarus virginalis,Q61642001,en,Marbled crayfish
Procambarus virginalis,Q61642001,et,Marmorvähk
Procambarus virginalis,Q61642001,fi,Marmorirapu
Procambarus virginalis,Q61642001,fr,Procambarus virginalis
Procambarus virginalis,Q61642001,nl,Marmerkreeft
Procambarus virginalis,Q61642001,pl,Rak marmurkowy
Procambarus virginalis,Q61642001,sv,Marmorkräfta
Procambarus virginalis,Q61642001,is,Meyhumar
Procambarus virginalis,Q61642001,no,Marmorkreps
Procyon lotor,Q121439,bg,Американски енот
Procyon lotor,Q121439,cs,Mýval severní
Procyon lotor,Q121439,da,Almindelig vaskebjørn
Procyon lotor,Q121439,de,Waschbär
Procyon lotor,Q121439,el,Ρακούν
Procyon lotor,Q121439,en,Raccoon
Procyon lotor,Q121439,es,Procyon lotor
Procyon lotor,Q121439,et,Pesukaru
Procyon lotor,Q121439,fi,Pesukarhu
Procyon lotor,Q121439,fr,Raton laveur
Procyon lotor,Q121439,ga,Racún
Procyon lotor,Q121439,hr,Američki rakun
Procyon lotor,Q121439,hu,Mosómedve
Procyon lotor,Q121439,it,Procione
Procyon lotor,Q121439,lt,Paprastasis meškėnas
Procyon lotor,Q121439,lv,Parastais jenots
Procyon lotor,Q121439,nl,Wasbeer
Procyon lotor,Q121439,pl,Szop pracz
Procyon lotor,Q121439,pt,Guaxinim
Procyon lotor,Q121439,ro,Raton
Procyon lotor,Q121439,sk,Medvedík čistotný
Procyon lotor,Q121439,sl,Rakun
Procyon lotor,Q121439,sv,Tvättbjörn
Procyon lotor,Q121439,is,Þvottabjörn
Procyon lotor,Q121439,no,Vaskebjørn
Procyon lotor,Q121439,eu,Mapatxe
Procyon lotor,Q121439,gl,Mapache
Procyon lotor,Q121439,ca,Os rentador
Procyon lotor,Q121439,mk,Ракун
Procyon lotor,Q121439,sr,Rakun
Prosopis juliflora,Q127800004,en,Neltuma juliflora
Pseudorasbora parva,Q583540,bg,Pseudorasbora parva
Pseudorasbora parva,Q583540,cs,Střevlička východní
Pseudorasbora parva,Q583540,de,Blaubandbärbling
Pseudorasbora parva,Q583540,en,Stone moroko
Pseudorasbora parva,Q583540,es,Pseudorasbora parva
Pseudorasbora parva,Q583540,fi,Saharasbora
Pseudorasbora parva,Q583540,fr,Pseudorasbora parva
Pseudorasbora parva,Q583540,hu,Kínai razbóra
Pseudorasbora parva,Q583540,it,Pseudorasbora parva
Pseudorasbora parva,Q583540,lt,Rytinis gružlelis
Pseudorasbora parva,Q583540,lv,Amūras čebačeks
Pseudorasbora parva,Q583540,nl,Blauwband
Pseudorasbora parva,Q583540,pl,Czebaczek amurski
Pseudorasbora parva,Q583540,ro,Murgoi bălțat
Pseudorasbora parva,Q583540,sl,Psevdorazbora
Pseudorasbora parva,Q583540,sv,Bandslätting
Pseudorasbora parva,Q583540,is,Yfirmynntur vatnakarpi
Pseudorasbora parva,Q583540,no,Pseudorasbora parva
Pseudorasbora parva,Q583540,eu,Pseudorasbora parva
Pseudorasbora parva,Q583540,ca,Pseudorasbora parva
Pseudorasbora parva,Q583540,mk,Амурче
Pseudorasbora parva,Q583540,sr,Pseudorasbora parva
Pueraria montana,Q1054489,en,Pueraria montana
Pueraria montana,Q1054489,es,Pueraria montana
Pueraria montana,Q1054489,et,Hõlmine pueraaria
Pueraria montana,Q1054489,fr,Pueraria montana
Pueraria montana,Q1054489,hu,Kudzu nyílgyökér
Pueraria montana,Q1054489,it,Pueraria montana
Pueraria montana,Q1054489,pl,Opornik łatkowaty
Pueraria montana,Q1054489,sv,Kudzuböna
Pycnonotus cafer,Q509455,bg,Източноазиатски бюлбюл
Pycnonotus cafer,Q509455,cs,Bulbul šupinkový
Pycnonotus cafer,Q509455,de,Rotsteißbülbül
Pycnonotus cafer,Q509455,en,Red-vented bulbul
Pycnonotus cafer,Q509455,es,Pycnonotus cafer
Pycnonotus cafer,Q509455,fi,Punaperäbulbuli
Pycnonotus cafer,Q509455,fr,Bulbul à ventre rouge
Pycnonotus cafer,Q509455,hu,Kormos bülbül
Pycnonotus cafer,Q509455,nl,Roodbuikbuulbuul
Pycnonotus cafer,Q509455,pl,Bilbil czerwonoplamy
Pycnonotus cafer,Q509455,pt,Pycnonotus cafer
Pycnonotus cafer,Q509455,sv,Rödgumpad bulbyl
Pycnonotus cafer,Q509455,eu,Bulbul ipurgorri
Pycnonotus cafer,Q509455,ca,Bulbul cul-roig
Pycnonotus cafer,Q509455,cy,Bwlbwl tingoch
Rugulopteryx okamurae,Q29904651,de,Rugulopteryx okamurae
Rugulopteryx okamurae,Q29904651,en,Rugulopteryx okamurae
Rugulopteryx okamurae,Q29904651,es,Rugulopteryx okamurae
Rugulopteryx okamurae,Q29904651,fr,Rugulopteryx okamurae
Rugulopteryx okamurae,Q29904651,pt,Rugulopterix okamurae
Rugulopteryx okamurae,Q29904651,ca,Rugulopteryx okamurae
Salvinia molesta,Q2716094,cs,Nepukalka obtížná
Salvinia molesta,Q2716094,de,Salvinia molesta
Salvinia molesta,Q2716094,en,Salvinia molesta
Salvinia molesta,Q2716094,es,Salvinia molesta
Salvinia molesta,Q2716094,fi,Poimukellussaniainen
Salvinia molesta,Q2716094,fr,Salvinia molesta
Salvinia molesta,Q2716094,nl,Grote vlotvaren
Salvinia molesta,Q2716094,pt,Salvinia molesta
Salvinia molesta,Q2716094,sv,Jättesimbräken
Sciurus carolinensis,Q468500,bg,Източна сива катерица
Sciurus carolinensis,Q468500,cs,Veverka popelavá
Sciurus carolinensis,Q468500,da,Gråt egern
Sciurus carolinensis,Q468500,de,Grauhörnchen
Sciurus carolinensis,Q468500,en,Field Guide/Mammals/Eastern Gray Squirrel
Sciurus carolinensis,Q468500,es,Sciurus carolinensis
Sciurus carolinensis,Q468500,et,Hallorav
Sciurus carolinensis,Q468500,fi,Harmaaorava
Sciurus carolinensis,Q468500,fr,Écureuil gris
Sciurus carolinensis,Q468500,ga,Iora glas
Sciurus carolinensis,Q468500,hu,Keleti szürkemókus
Sciurus carolinensis,Q468500,it,Sciurus carolinensis
Sciurus carolinensis,Q468500,lt,Pilkoji voverė
Sciurus carolinensis,Q468500,lv,Pelēkā vāvere
Sciurus carolinensis,Q468500,nl,Grijze eekhoorn
Sciurus carolinensis,Q468500,pl,Wiewiórka szara
Sciurus carolinensis,Q468500,pt,Esquilo-cinzento
Sciurus carolinensis,Q468500,sv,Östlig gråekorre
Sciurus carolinensis,Q468500,no,Østamerikansk gråekorn
Sciurus carolinensis,Q468500,eu,Katagorri gris
Sciurus carolinensis,Q468500,gl,Esquío gris
Sciurus carolinensis,Q468500,ca,Esquirol gris
Sciurus carolinensis,Q468500,tr,Boz sincap
Sciurus carolinensis,Q468500,cy,Gwiwer lwyd
Sciurus niger,Q694296,bg,Лисича катерица
Sciurus niger,Q694296,de,Fuchshörnchen
Sciurus niger,Q694296,en,Fox squirrel
Sciurus niger,Q694296,es,Sciurus niger
Sciurus niger,Q694296,fi,Iso-orava
Sciurus niger,Q694296,fr,Sciurus niger
Sciurus niger,Q694296,ga,Iora sionnaigh oirthearach
Sciurus niger,Q694296,hu,Amerikai rókamókus
Sciurus niger,Q694296,it,Sciurus niger
Sciurus niger,Q694296,nl,Amerikaanse voseekhoorn
Sciurus niger,Q694296,sv,Östlig rävekorre
Sciurus niger,Q694296,no,Reveekorn
Sciurus niger,Q694296,eu,Sciurus niger
Sciurus niger,Q694296,ca,Esquirol de Bryant
Solenopsis geminata,Q3720386,en,Solenopsis geminata
Solenopsis geminata,Q3720386,es,Solenopsis geminata
Solenopsis geminata,Q3720386,nl,Solenopsis geminata
Solenopsis geminata,Q3720386,pt,Solenopsis geminata
Solenopsis geminata,Q3720386,sv,Tropisk eldmyra
Solenopsis geminata,Q3720386,tr,Solenopsis geminata
Solenopsis invicta,Q1194382,de,Rote Feuerameise
Solenopsis invicta,Q1194382,en,Red imported fire ant
Solenopsis invicta,Q1194382,es,Solenopsis invicta
Solenopsis invicta,Q1194382,fi,Tulimuurahainen
Solenopsis invicta,Q1194382,fr,Solenopsis invicta
Solenopsis invicta,Q1194382,ga,Solenopsis invicta
Solenopsis invicta,Q1194382,it,Solenopsis invicta
Solenopsis invicta,Q1194382,nl,Rode vuurmier
Solenopsis invicta,Q1194382,pl,Mrówka ognista (Solenopsis invicta)
Solenopsis invicta,Q1194382,pt,Formiga-de-fogo-vermelha
Solenopsis invicta,Q1194382,ro,Furnică de foc importată roșie
Solenopsis invicta,Q1194382,sl,Rdeča ognjena mravlja
Solenopsis invicta,Q1194382,sv,Röd eldmyra
Solenopsis invicta,Q1194382,no,Solenopsis invicta
Solenopsis invicta,Q1194382,gl,Solenopsis invicta
Solenopsis invicta,Q1194382,ca,Solenopsis invicta
Solenopsis richteri,Q2033073,en,Black imported fire ant
Solenopsis richteri,Q2033073,es,Solenopsis richteri
Solenopsis richteri,Q2033073,nl,Solenopsis richteri
Solenopsis richteri,Q2033073,pt,Solenopsis richteri
Solenopsis richteri,Q2033073,ro,Furnică de foc neagră importată
Solenopsis richteri,Q2033073,sv,Svart eldmyra
Solenopsis richteri,Q2033073,ca,Solenopsis richteri
Solenopsis richteri,Q2033073,tr,Solenopsis richteri
Tamias sibiricus,Q329187,bg,Азиатски бурундук
Tamias sibiricus,Q329187,cs,Burunduk páskovaný
Tamias sibiricus,Q329187,da,Sibirisk jordegern
Tamias sibiricus,Q329187,de,Burunduk
Tamias sibiricus,Q329187,en,Siberian chipmunk
Tamias sibiricus,Q329187,es,Eutamias sibiricus
Tamias sibiricus,Q329187,fi,Siperianmaaorava
Tamias sibiricus,Q329187,fr,Tamias sibiricus
Tamias sibiricus,Q329187,hu,Szibériai csíkosmókus
Tamias sibiricus,Q329187,it,Tamias sibiricus
Tamias sibiricus,Q329187,lt,Azijinis burundukas
Tamias sibiricus,Q329187,lv,Sibīrijas burunduks
Tamias sibiricus,Q329187,nl,Siberische grondeekhoorn
Tamias sibiricus,Q329187,pl,Burunduk syberyjski
Tamias sibiricus,Q329187,pt,Esquilo-da-sibéria
Tamias sibiricus,Q329187,ro,Veveriță siberiană
Tamias sibiricus,Q329187,sv,Sibirisk jordekorre
Tamias sibiricus,Q329187,no,Sibirstripeekorn
Tamias sibiricus,Q329187,eu,Tamias sibiricus
Tamias sibiricus,Q329187,ca,Esquirol llistat siberià
Tamias sibiricus,Q329187,mk,Сибирска ригеста верверица
Tamias sibiricus,Q329187,tr,Sibirya orman gelengisi
Threskiornis aethiopicus,Q208763,bg,Свещен ибис
Threskiornis aethiopicus,Q208763,cs,Ibis posvátný
Threskiornis aethiopicus,Q208763,da,Hellig ibis
Threskiornis aethiopicus,Q208763,de,Pharaonenibis
Threskiornis aethiopicus,Q208763,el,Ιερή ίβιδα
Threskiornis aethiopicus,Q208763,en,African sacred ibis
Threskiornis aethiopicus,Q208763,es,Threskiornis aethiopicus
Threskiornis aethiopicus,Q208763,fi,Pyhäiibis
Threskiornis aethiopicus,Q208763,fr,Ibis sacré
Threskiornis aethiopicus,Q208763,ga,Íbis bheannaithe
Threskiornis aethiopicus,Q208763,hu,Szent íbisz
Threskiornis aethiopicus,Q208763,it,Threskiornis aethiopicus
Threskiornis aethiopicus,Q208763,lt,Afrikinis šventasis ibis
Threskiornis aethiopicus,Q208763,nl,Heilige ibis
Threskiornis aethiopicus,Q208763,pl,Ibis czczony
Threskiornis aethiopicus,Q208763,pt,Íbis-sagrado
Threskiornis aethiopicus,Q208763,ro,Ibis sacru african
Threskiornis aethiopicus,Q208763,sk,Ibis posvätný
Threskiornis aethiopicus,Q208763,sv,Helig ibis
Threskiornis aethiopicus,Q208763,is,Nílaríbis
Threskiornis aethiopicus,Q208763,no,Helligibis
Threskiornis aethiopicus,Q208763,eu,Ibis sakratu
Threskiornis aethiopicus,Q208763,gl,Ibis sagrado
Threskiornis aethiopicus,Q208763,ca,Ibis sagrat africà
Threskiornis aethiopicus,Q208763,sr,Афрички свети ражањ
Threskiornis aethiopicus,Q208763,tr,Kutsal aynak
Threskiornis aethiopicus,Q208763,cy,Ibis cysegredig
Trachemys scripta elegans,Q207839,cs,Želva nádherná
Trachemys scripta elegans,Q207839,da,Rødøret terrapin
Trachemys scripta elegans,Q207839,de,Rotwangen-Schmuckschildkröte
Trachemys scripta elegans,Q207839,el,Κοκκινομάγουλη χελώνα
Trachemys scripta elegans,Q207839,en,Red-eared slider
Trachemys scripta elegans,Q207839,es,Trachemys scripta elegans
Trachemys scripta elegans,Q207839,et,Punakõrv-ilukilpkonn
Trachemys scripta elegans,Q207839,fi,Punakorvakilpikonna
Trachemys scripta elegans,Q207839,fr,Tortue de Floride
Trachemys scripta elegans,Q207839,hr,Crvenouha kornjača
Trachemys scripta elegans,Q207839,hu,Vörösfülű ékszerteknős
Trachemys scripta elegans,Q207839,it,Trachemys scripta elegans
Trachemys scripta elegans,Q207839,lt,Raudonausis raštuotasis vėžlys
Trachemys scripta elegans,Q207839,nl,Roodwangschildpad
Trachemys scripta elegans,Q207839,pl,Żółw czerwonolicy
Trachemys scripta elegans,Q207839,pt,Tartaruga-de-orelha-vermelha
Trachemys scripta elegans,Q207839,ro,Țestoasă de apă cu tâmple roșii
Trachemys scripta elegans,Q207839,sk,Korytnačka písmenková ozdobná
Trachemys scripta elegans,Q207839,sv,Rödörad vattensköldpadda
Trachemys scripta elegans,Q207839,ca,Tortuga d'orelles vermelles
Trachemys scripta elegans,Q207839,sq,Breshka me veshë të kuq
Trachemys scripta elegans,Q207839,bs,Crvenouha kornjača
Trachemys scripta elegans,Q207839,mk,Црвеноушеста желка
Trachemys scripta elegans,Q207839,sr,Црвеноуха корњача
Trachemys scripta elegans,Q207839,tr,Trachemys scripta elegans
Triadica sebifera,Q702175,cs,Kožokvět lojonosný
Triadica sebifera,Q702175,de,Chinesischer Talgbaum
Triadica sebifera,Q702175,en,Triadica sebifera
Triadica sebifera,Q702175,es,Triadica sebifera
Triadica sebifera,Q702175,fi,Kiinantalipuu
Triadica sebifera,Q702175,fr,Triadica sebifera
Triadica sebifera,Q702175,it,Triadica sebifera
Triadica sebifera,Q702175,pl,Smokrzyn łojodajny
Triadica sebifera,Q702175,pt,Sapium sebiferum
Triadica sebifera,Q702175,sv,Triadica sebifera
Triadica sebifera,Q702175,ca,Triadica sebifera
Vespa velutina nigrithorax,Q136668,cs,Sršeň asijská
Vespa velutina nigrithorax,Q136668,de,Asiatische Hornisse
Vespa velutina nigrithorax,Q136668,en,Asian hornet
Vespa velutina nigrithorax,Q136668,es,Vespa velutina
Vespa velutina nigrithorax,Q136668,fi,Aasianherhiläinen
Vespa velutina nigrithorax,Q136668,fr,Vespa velutina
Vespa velutina nigrithorax,Q136668,ga,Vespa velutina
Vespa velutina nigrithorax,Q136668,hu,Ázsiai lódarázs
Vespa velutina nigrithorax,Q136668,it,Vespa velutina
Vespa velutina nigrithorax,Q136668,nl,Aziatische hoornaar
Vespa velutina nigrithorax,Q136668,pl,Vespa velutina
Vespa velutina nigrithorax,Q136668,pt,Vespa asiática
Vespa velutina nigrithorax,Q136668,sl,Azijski sršen
Vespa velutina nigrithorax,Q136668,sv,Sammetsgeting
Vespa velutina nigrithorax,Q136668,no,Asiatisk geithams
Vespa velutina nigrithorax,Q136668,eu,Liztor asiar
Vespa velutina nigrithorax,Q136668,gl,Avespa asiática
Vespa velutina nigrithorax,Q136668,ca,Vespa carnissera asiàtica
Vespa velutina nigrithorax,Q136668,mk,Азиски стршлен
Vespa velutina nigrithorax,Q136668,tr,Vespa velutina
Wasmannia auropunctata,Q978483,de,Kleine Feuerameise
Wasmannia auropunctata,Q978483,en,Electric ant
Wasmannia auropunctata,Q978483,es,Wasmannia auropunctata
Wasmannia auropunctata,Q978483,fr,Wasmannia auropunctata
Wasmannia auropunctata,Q978483,nl,Dwergvuurmier
Wasmannia auropunctata,Q978483,pt,Wasmannia auropunctata
Wasmannia auropunctata,Q978483,sv,Wasmannia auropunctata
Wasmannia auropunctata,Q978483,ca,Wasmannia auropunctata
Xenopus laevis,Q654718,bg,Обикновена ноктеста жаба
Xenopus laevis,Q654718,cs,Drápatka vodní
Xenopus laevis,Q654718,da,Xenopus laevis
Xenopus laevis,Q654718,de,Krallenfrosch
Xenopus laevis,Q654718,en,African clawed frog
Xenopus laevis,Q654718,es,Xenopus laevis
Xenopus laevis,Q654718,et,Suur-kannuskonn
Xenopus laevis,Q654718,fi,Afrikankynsisammakko
Xenopus laevis,Q654718,fr,Xenopus laevis
Xenopus laevis,Q654718,hu,Dél-afrikai karmosbéka
Xenopus laevis,Q654718,it,Xenopus laevis
Xenopus laevis,Q654718,nl,Klauwkikker
Xenopus laevis,Q654718,pl,Platana szponiasta
Xenopus laevis,Q654718,pt,Xenopus laevis
Xenopus laevis,Q654718,sv,Afrikansk klogroda
Xenopus laevis,Q654718,eu,Xenopus laevis
Xenopus laevis,Q654718,gl,Xenopus laevis
Xenopus laevis,Q654718,ca,Granota amb ungles africana
Xenopus laevis,Q654718,bs,Xenopus laevis
Xenopus laevis,Q654718,sr,Xenopus laevis
Xenopus laevis,Q654718,tr,Xenopus laevis
